Timestamp,SessionID,Event,Status,DurationMS,Details
1773603106.6283536,STUDENT_630a9059,login_complete,error,11911.0,"{""method"": ""wallet_load"", ""error"": ""Signature Mismatch""}"
1773604529.6283536,STUDENT_1bc2387c,login_complete,success,6288.0,"{""method"": ""wallet_load""}"
1773607256.6283536,STUDENT_f6cc2d7f,login_complete,success,4000,"{""method"": ""wallet_load""}"
1773609815.6283536,STUDENT_d6113e4c,login_complete,success,5259.0,"{""method"": ""manual_entry""}"
1773613157.6283536,STUDENT_f6cc2d7f,login_complete,success,17873.0,"{""method"": ""manual_entry""}"
1773616192.6283536,STUDENT_b7f2da5d,login_complete,error,17012.0,"{""method"": ""wallet_load"", ""error"": ""Signature Mismatch""}"
1773623842.6283536,STUDENT_fe507a99,login_complete,error,21638.0,"{""method"": ""wallet_load"", ""error"": ""Challenge Expired""}"
1773626149.6283536,STUDENT_44985a69,login_complete,success,12423.0,"{""method"": ""manual_entry""}"
1773628250.6283536,STUDENT_2013c758,login_complete,success,9353.0,"{""method"": ""wallet_load""}"
1773633480.6283536,STUDENT_8249ca46,login_complete,success,4000,"{""method"": ""manual_entry""}"
1773633852.6283536,STUDENT_fe507a99,login_complete,success,6384.0,"{""method"": ""wallet_load""}"
1773641946.6283536,STUDENT_86790c33,login_complete,error,22182.0,"{""method"": ""manual_entry"", ""error"": ""Signature Mismatch""}"
1773643527.6283536,STUDENT_8a33be55,login_complete,error,8237,"{""method"": ""wallet_load"", ""error"": ""Invalid PIN""}"
1773644408.6283536,STUDENT_19b40fb1,login_complete,success,4931.8,"{""method"": ""wallet_load""}"
1773645516.6283536,STUDENT_78bc76d3,login_complete,success,4000,"{""method"": ""wallet_load""}"
1773648078.6283536,STUDENT_22a221bc,login_complete,success,17015.0,"{""method"": ""wallet_load""}"
1773650627.6283536,STUDENT_af71f597,login_complete,success,4000,"{""method"": ""wallet_load""}"
1773651476.6283536,STUDENT_1d02d65f,login_complete,success,4000,"{""method"": ""wallet_load""}"
1773655317.6283536,STUDENT_46ad8f80,login_complete,success,17342.0,"{""method"": ""manual_entry""}"
1773666833.6283536,STUDENT_46511608,login_complete,success,4000,"{""method"": ""wallet_load""}"
1773673399.6283536,STUDENT_79f701cb,login_complete,success,4000,"{""method"": ""wallet_load""}"
1773680528.6283536,STUDENT_d84ec294,login_complete,success,18386.0,"{""method"": ""wallet_load""}"
1773680698.6283536,STUDENT_aeda692,login_complete,success,4000,"{""method"": ""wallet_load""}"
1773681950.6283536,STUDENT_2013c758,login_complete,success,4000,"{""method"": ""wallet_load""}"
1773682258.6283536,STUDENT_6b0ac22a,login_complete,success,13046.0,"{""method"": ""manual_entry""}"
1773683421.6283536,STUDENT_7304cdfb,login_complete,error,16369.0,"{""method"": ""wallet_load"", ""error"": ""Signature Mismatch""}"
1773683725.6283536,STUDENT_d6113e4c,login_complete,success,4000,"{""method"": ""wallet_load""}"
1773685381.6283536,STUDENT_f3fcf674,login_complete,success,9586.0,"{""method"": ""wallet_load""}"
1773687267.6283536,STUDENT_cf156a75,login_complete,success,18450.0,"{""method"": ""wallet_load""}"
1773689504.6283536,STUDENT_eb8c2cc4,login_complete,success,18501.0,"{""method"": ""manual_entry""}"
1773695525.6283536,STUDENT_a1095fc6,login_complete,error,11393.0,"{""method"": ""manual_entry"", ""error"": ""Challenge Expired""}"
1773696737.6283536,STUDENT_8b3760f7,login_complete,success,17927.0,"{""method"": ""manual_entry""}"
1773701116.6283536,STUDENT_1bc2387c,login_complete,success,9428.0,"{""method"": ""manual_entry""}"
1773711566.6283536,STUDENT_2f288ed9,login_complete,success,6367.0,"{""method"": ""wallet_load""}"
1773724067.6283536,STUDENT_58e79bb3,login_complete,success,4561.8,"{""method"": ""wallet_load""}"
1773726681.6283536,STUDENT_2f288ed9,login_complete,success,12285.0,"{""method"": ""manual_entry""}"
1773729993.6283536,STUDENT_56fc4f8f,login_complete,success,12885.0,"{""method"": ""wallet_load""}"
1773730696.6283536,STUDENT_bb27b611,login_complete,success,8984.0,"{""method"": ""wallet_load""}"
1773739963.6283536,STUDENT_42d80083,login_complete,error,21680.0,"{""method"": ""manual_entry"", ""error"": ""Challenge Expired""}"
1773741657.6283536,STUDENT_79f701cb,login_complete,success,5355.0,"{""method"": ""wallet_load""}"
1773742859.6283536,STUDENT_4d731dbf,login_complete,success,17116.0,"{""method"": ""manual_entry""}"
1773750284.6283536,STUDENT_53f26f19,login_complete,success,18757.0,"{""method"": ""wallet_load""}"
1773753771.6283536,STUDENT_e724e818,login_complete,success,4000,"{""method"": ""manual_entry""}"
1773753898.6283536,STUDENT_a44102d2,login_complete,success,6531.0,"{""method"": ""wallet_load""}"
1773758609.6283536,STUDENT_e2c4c113,login_complete,success,17596.0,"{""method"": ""wallet_load""}"
1773759323.6283536,STUDENT_fdf89c2,login_complete,success,18023.0,"{""method"": ""manual_entry""}"
1773763160.6283536,STUDENT_f3ef5dd4,login_complete,success,8521.0,"{""method"": ""wallet_load""}"
1773764894.6283536,STUDENT_b99cc491,login_complete,error,10711.0,"{""method"": ""wallet_load"", ""error"": ""Signature Mismatch""}"
1773770122.6283536,STUDENT_eb035f6,login_complete,success,6273.0,"{""method"": ""wallet_load""}"
1773773843.6283536,STUDENT_f451ffce,login_complete,success,6483.0,"{""method"": ""wallet_load""}"
1773774606.6283536,STUDENT_2d611b40,login_complete,success,4000,"{""method"": ""wallet_load""}"
1773780328.6283536,STUDENT_ce893bf5,login_complete,success,6836.0,"{""method"": ""manual_entry""}"
1773780616.6283536,STUDENT_cd0b2e29,login_complete,success,4000,"{""method"": ""wallet_load""}"
1773781216.6283536,STUDENT_a44102d2,login_complete,success,4924.8,"{""method"": ""wallet_load""}"
1773786668.6283536,STUDENT_2a5eab9,login_complete,success,6817.0,"{""method"": ""wallet_load""}"
1773787199.6283536,STUDENT_c707c0e8,login_complete,success,7911.0,"{""method"": ""manual_entry""}"
1773788149.6283536,STUDENT_cd0b2e29,login_complete,success,4000,"{""method"": ""wallet_load""}"
1773792061.6283536,STUDENT_15994b8c,login_complete,success,9378.0,"{""method"": ""manual_entry""}"
1773799187.6283536,STUDENT_d516c87c,login_complete,success,9625.0,"{""method"": ""manual_entry""}"
1773799559.6283536,STUDENT_e9c35022,login_complete,success,13252.0,"{""method"": ""manual_entry""}"
1773803407.6283536,STUDENT_7974957e,login_complete,success,4000,"{""method"": ""wallet_load""}"
1773815205.6283536,STUDENT_ad1bf888,login_complete,success,18386.0,"{""method"": ""wallet_load""}"
1773815229.6283536,STUDENT_5bd9eba,login_complete,success,4000,"{""method"": ""wallet_load""}"
1773815500.6283536,STUDENT_1dd02711,login_complete,error,8067,"{""method"": ""wallet_load"", ""error"": ""Challenge Expired""}"
1773817861.6283536,STUDENT_2d611b40,login_complete,success,4000,"{""method"": ""wallet_load""}"
1773821926.6283536,STUDENT_68d0a96e,login_complete,error,16029.0,"{""method"": ""manual_entry"", ""error"": ""Signature Mismatch""}"
1773823254.6283536,STUDENT_f959dc38,login_complete,error,11253.0,"{""method"": ""wallet_load"", ""error"": ""Invalid PIN""}"
1773835921.6283536,STUDENT_af71f597,login_complete,success,4000,"{""method"": ""wallet_load""}"
1773837099.6283536,STUDENT_cd0b2e29,login_complete,success,8889.0,"{""method"": ""manual_entry""}"
1773837134.6283536,STUDENT_c3d20f9c,login_complete,success,5187.0,"{""method"": ""wallet_load""}"
1773839236.6283536,STUDENT_d12aaa67,login_complete,success,4220.8,"{""method"": ""wallet_load""}"
1773841291.6283536,STUDENT_2eb535b7,login_complete,success,6471.0,"{""method"": ""wallet_load""}"
1773846460.6283536,STUDENT_cbb1015b,login_complete,success,18126.0,"{""method"": ""wallet_load""}"
1773848435.6283536,STUDENT_78bc76d3,login_complete,success,7119.0,"{""method"": ""wallet_load""}"
1773851566.6283536,STUDENT_f3ef5dd4,login_complete,success,12214.0,"{""method"": ""manual_entry""}"
1773852687.6283536,STUDENT_9c8632ad,login_complete,success,4000,"{""method"": ""wallet_load""}"
1773853075.6283536,STUDENT_c10b9343,login_complete,success,9488.0,"{""method"": ""manual_entry""}"
1773865858.6283536,STUDENT_79fdff4c,login_complete,success,18465.0,"{""method"": ""wallet_load""}"
1773870713.6283536,STUDENT_36dae04e,login_complete,success,8574.0,"{""method"": ""wallet_load""}"
1773871797.6283536,STUDENT_adec8a09,login_complete,success,4000,"{""method"": ""wallet_load""}"
1773873303.6283536,STUDENT_f6cc2d7f,login_complete,success,4000,"{""method"": ""wallet_load""}"
1773875840.6283536,STUDENT_af71f597,login_complete,success,4000,"{""method"": ""wallet_load""}"
1773881337.6283536,STUDENT_fdf89c2,login_complete,error,9192.0,"{""method"": ""wallet_load"", ""error"": ""Challenge Expired""}"
1773881416.6283536,STUDENT_fbd1cbde,login_complete,error,21900.0,"{""method"": ""manual_entry"", ""error"": ""Invalid PIN""}"
1773882143.6283536,STUDENT_a1095fc6,login_complete,success,4949.8,"{""method"": ""wallet_load""}"
1773882901.6283536,STUDENT_ce893bf5,login_complete,success,7907.0,"{""method"": ""wallet_load""}"
1773887304.6283536,STUDENT_399f028d,login_complete,success,6955.0,"{""method"": ""manual_entry""}"
1773888625.6283536,STUDENT_cf156a75,login_complete,success,8986.0,"{""method"": ""wallet_load""}"
1773889226.6283536,STUDENT_d705b592,login_complete,success,18440.0,"{""method"": ""wallet_load""}"
1773891972.6283536,STUDENT_5e0240de,login_complete,success,4000,"{""method"": ""wallet_load""}"
1773895584.6283536,STUDENT_2cd24cba,login_complete,success,8767.0,"{""method"": ""wallet_load""}"
1773896652.6283536,STUDENT_cd0b2e29,login_complete,success,5158.8,"{""method"": ""wallet_load""}"
1773897930.6283536,STUDENT_ac89ba08,login_complete,success,9784.0,"{""method"": ""manual_entry""}"
1773904144.6283536,STUDENT_c707c0e8,login_complete,success,5874.0,"{""method"": ""manual_entry""}"
1773911067.6283536,STUDENT_2f643c2,login_complete,success,9693.0,"{""method"": ""wallet_load""}"
1773912480.6283536,STUDENT_15994b8c,login_complete,success,5428.0,"{""method"": ""manual_entry""}"
1773912482.6283536,STUDENT_a8b56795,login_complete,success,5724.0,"{""method"": ""manual_entry""}"
1773914347.6283536,STUDENT_aa41d24d,login_complete,success,5638.0,"{""method"": ""wallet_load""}"
1773930748.6283536,STUDENT_a1095fc6,login_complete,error,21593.0,"{""method"": ""wallet_load"", ""error"": ""Challenge Expired""}"
1773936259.6283536,STUDENT_f451ffce,login_complete,success,13316.0,"{""method"": ""wallet_load""}"
1773938562.6283536,STUDENT_15994b8c,login_complete,success,12946.0,"{""method"": ""manual_entry""}"
1773944237.6283536,STUDENT_d84ec294,login_complete,error,14700.0,"{""method"": ""manual_entry"", ""error"": ""Signature Mismatch""}"
1773950468.6283536,STUDENT_5b553686,login_complete,error,20793.0,"{""method"": ""manual_entry"", ""error"": ""Signature Mismatch""}"
1773950500.6283536,STUDENT_d84ec294,login_complete,success,6368.0,"{""method"": ""wallet_load""}"
1773950502.6283536,STUDENT_c10b9343,login_complete,success,18068.0,"{""method"": ""wallet_load""}"
1773960888.6283536,STUDENT_be97a8b4,login_complete,success,17792.0,"{""method"": ""manual_entry""}"
1773964117.6283536,STUDENT_d5c1c398,login_complete,success,5968.0,"{""method"": ""wallet_load""}"
1773964340.6283536,STUDENT_7974957e,login_complete,success,4481.8,"{""method"": ""manual_entry""}"
1773968634.6283536,STUDENT_da4ee828,login_complete,success,8618.0,"{""method"": ""manual_entry""}"
1773977746.6283536,STUDENT_2cd24cba,login_complete,success,12402.0,"{""method"": ""wallet_load""}"
1773982054.6283536,STUDENT_aeda692,login_complete,success,4000,"{""method"": ""wallet_load""}"
1773983277.6283536,STUDENT_adec8a09,login_complete,success,4000,"{""method"": ""manual_entry""}"
1773998414.6283536,STUDENT_89be8bff,login_complete,success,11798.0,"{""method"": ""manual_entry""}"
1774000998.6283536,STUDENT_363e002e,login_complete,success,12436.0,"{""method"": ""wallet_load""}"
1774009081.6283536,STUDENT_aeda692,login_complete,success,4000,"{""method"": ""manual_entry""}"
1774010283.6283536,STUDENT_26543ecd,login_complete,success,4000,"{""method"": ""manual_entry""}"
1774010890.6283536,STUDENT_53f26f19,login_complete,success,8063.0,"{""method"": ""manual_entry""}"
1774012048.6283536,STUDENT_dc10de95,login_complete,success,9807.0,"{""method"": ""wallet_load""}"
1774015327.6283536,STUDENT_6b0ac22a,login_complete,error,20648.0,"{""method"": ""wallet_load"", ""error"": ""Signature Mismatch""}"
1774015419.6283536,STUDENT_26543ecd,login_complete,success,4000,"{""method"": ""manual_entry""}"
1774016452.6283536,STUDENT_2f643c2,login_complete,success,4000,"{""method"": ""wallet_load""}"
1774023117.6283536,STUDENT_fdff0751,login_complete,success,5420.0,"{""method"": ""wallet_load""}"
1774023370.6283536,STUDENT_8c6e1567,login_complete,success,11882.0,"{""method"": ""manual_entry""}"
1774024120.6283536,STUDENT_949a9e51,login_complete,success,9689.0,"{""method"": ""wallet_load""}"
1774025088.6283536,STUDENT_36dae04e,login_complete,success,17180.0,"{""method"": ""wallet_load""}"
1774025195.6283536,STUDENT_be97a8b4,login_complete,success,8102.0,"{""method"": ""manual_entry""}"
1774030894.6283536,STUDENT_f0d3a70c,login_complete,success,9192.0,"{""method"": ""wallet_load""}"
1774031728.6283536,STUDENT_af71f597,login_complete,success,4000,"{""method"": ""manual_entry""}"
1774032929.6283536,STUDENT_289e6235,login_complete,success,6179.0,"{""method"": ""wallet_load""}"
1774035763.6283536,STUDENT_a4fa6c3a,login_complete,success,4000,"{""method"": ""wallet_load""}"
1774037753.6283536,STUDENT_4931fbf8,login_complete,success,11933.0,"{""method"": ""wallet_load""}"
1774039071.6283536,STUDENT_26543ecd,login_complete,success,4000,"{""method"": ""wallet_load""}"
1774045798.6283536,STUDENT_949a9e51,login_complete,success,5094.8,"{""method"": ""wallet_load""}"
1774050851.6283536,STUDENT_2a5eab9,login_complete,success,11725.0,"{""method"": ""wallet_load""}"
1774053445.6283536,STUDENT_2eb535b7,login_complete,success,18773.0,"{""method"": ""manual_entry""}"
1774057339.6283536,STUDENT_5bd9eba,login_complete,success,11930.0,"{""method"": ""wallet_load""}"
1774071263.6283536,STUDENT_6bfa82c1,login_complete,success,9145.0,"{""method"": ""wallet_load""}"
1774075095.6283536,STUDENT_2ecf89be,login_complete,success,7889.0,"{""method"": ""manual_entry""}"
1774075362.6283536,STUDENT_1d02d65f,login_complete,success,11712.0,"{""method"": ""wallet_load""}"
1774075571.6283536,STUDENT_cea1e917,login_complete,success,13549.0,"{""method"": ""wallet_load""}"
1774077005.6283536,STUDENT_950f4807,login_complete,success,12008.0,"{""method"": ""wallet_load""}"
1774079128.6283536,STUDENT_630a9059,login_complete,success,4000,"{""method"": ""wallet_load""}"
1774081945.6283536,STUDENT_2cd24cba,login_complete,success,4000,"{""method"": ""wallet_load""}"
1774083160.6283536,STUDENT_e3bf7b5d,login_complete,success,4000,"{""method"": ""wallet_load""}"
1774087497.6283536,STUDENT_af71f597,login_complete,success,17401.0,"{""method"": ""manual_entry""}"
1774089646.6283536,STUDENT_d84ec294,login_complete,success,4000,"{""method"": ""manual_entry""}"
1774092328.6283536,STUDENT_36dae04e,login_complete,success,11854.0,"{""method"": ""wallet_load""}"
1774095571.6283536,STUDENT_2cd24cba,login_complete,error,20399.0,"{""method"": ""wallet_load"", ""error"": ""Invalid PIN""}"
1774099386.6283536,STUDENT_46511608,login_complete,success,7172.0,"{""method"": ""wallet_load""}"
1774099507.6283536,STUDENT_95498429,login_complete,success,9428.0,"{""method"": ""manual_entry""}"
1774099854.6283536,STUDENT_2a5eab9,login_complete,success,5247.8,"{""method"": ""wallet_load""}"
1774100688.6283536,STUDENT_8c6e1567,login_complete,success,6208.0,"{""method"": ""manual_entry""}"
1774102142.6283536,STUDENT_583fd365,login_complete,success,4000,"{""method"": ""wallet_load""}"
1774107689.6283536,STUDENT_d50e80c2,login_complete,success,12691.0,"{""method"": ""wallet_load""}"
1774119008.6283536,STUDENT_2013c758,login_complete,error,22394.0,"{""method"": ""manual_entry"", ""error"": ""Invalid PIN""}"
1774121169.6283536,STUDENT_949a9e51,login_complete,error,8697.0,"{""method"": ""wallet_load"", ""error"": ""Signature Mismatch""}"
1774123334.6283536,STUDENT_78bc76d3,login_complete,success,4000,"{""method"": ""manual_entry""}"
1774130881.6283536,STUDENT_fac2f9f5,login_complete,error,16644.0,"{""method"": ""manual_entry"", ""error"": ""Challenge Expired""}"
1774131948.6283536,STUDENT_1dd02711,login_complete,success,4000,"{""method"": ""wallet_load""}"
1774136496.6283536,STUDENT_890b68e7,login_complete,success,4476.8,"{""method"": ""wallet_load""}"
1774142741.6283536,STUDENT_e3bf7b5d,login_complete,success,18932.0,"{""method"": ""manual_entry""}"
1774144950.6283536,STUDENT_eb8c2cc4,login_complete,error,6590,"{""method"": ""wallet_load"", ""error"": ""Challenge Expired""}"
1774155274.6283536,STUDENT_c2a99776,login_complete,success,4000,"{""method"": ""wallet_load""}"
1774155972.6283536,STUDENT_1d02d65f,login_complete,success,4000,"{""method"": ""wallet_load""}"
1774157137.6283536,STUDENT_f6cc2d7f,login_complete,success,4835.8,"{""method"": ""wallet_load""}"
1774164365.6283536,STUDENT_4931fbf8,login_complete,success,4000,"{""method"": ""manual_entry""}"
1774165961.6283536,STUDENT_eb8c2cc4,login_complete,success,4000,"{""method"": ""manual_entry""}"
1774168780.6283536,STUDENT_d6113e4c,login_complete,success,4000,"{""method"": ""wallet_load""}"
1774170671.6283536,STUDENT_39731e4b,login_complete,success,6095.0,"{""method"": ""manual_entry""}"
1774172823.6283536,STUDENT_ad7813b0,login_complete,error,10136.0,"{""method"": ""wallet_load"", ""error"": ""Invalid PIN""}"
1774174150.6283536,STUDENT_8a33be55,login_complete,success,12004.0,"{""method"": ""wallet_load""}"
1774174656.6283536,STUDENT_bd979af0,login_complete,success,4000,"{""method"": ""wallet_load""}"
1774175404.6283536,STUDENT_cd0b2e29,login_complete,success,6052.0,"{""method"": ""wallet_load""}"
1774178293.6283536,STUDENT_e3bf7b5d,login_complete,success,6287.0,"{""method"": ""wallet_load""}"
1774178915.6283536,STUDENT_bcaf8d5d,login_complete,success,6817.0,"{""method"": ""wallet_load""}"
1774181548.6283536,STUDENT_3ab0097c,login_complete,success,4000,"{""method"": ""wallet_load""}"
1774186098.6283536,STUDENT_7304cdfb,login_complete,success,4000,"{""method"": ""wallet_load""}"
1774186134.6283536,STUDENT_e724e818,login_complete,success,8317.0,"{""method"": ""manual_entry""}"
1774188044.6283536,STUDENT_2d611b40,login_complete,success,4000,"{""method"": ""wallet_load""}"
1774190460.6283536,STUDENT_a5d22e03,login_complete,success,8669.0,"{""method"": ""wallet_load""}"
1774190577.6283536,STUDENT_2f643c2,login_complete,success,4000,"{""method"": ""wallet_load""}"
1774191010.6283536,STUDENT_3d7ad99e,login_complete,success,18999.0,"{""method"": ""manual_entry""}"
1774191725.6283536,STUDENT_2f643c2,login_complete,success,18003.0,"{""method"": ""manual_entry""}"
1774194339.6283536,STUDENT_e165fb7a,login_complete,success,4000,"{""method"": ""wallet_load""}"
1774197028.6283536,STUDENT_aeda692,login_complete,success,4000,"{""method"": ""wallet_load""}"
1774200787.6283536,STUDENT_44985a69,login_complete,success,6039.0,"{""method"": ""wallet_load""}"
1774206544.6283536,STUDENT_9130922b,login_complete,success,17480.0,"{""method"": ""manual_entry""}"
1774209002.6283536,STUDENT_d50e80c2,login_complete,error,11796.0,"{""method"": ""wallet_load"", ""error"": ""Challenge Expired""}"
1774212579.6283536,STUDENT_f6cc2d7f,login_complete,success,13385.0,"{""method"": ""wallet_load""}"
1774213579.6283536,STUDENT_a5d22e03,login_complete,success,18320.0,"{""method"": ""manual_entry""}"
1774214265.6283536,STUDENT_7974957e,login_complete,success,6449.0,"{""method"": ""wallet_load""}"
1774215328.6283536,STUDENT_7974957e,login_complete,success,4000,"{""method"": ""wallet_load""}"
1774217704.6283536,STUDENT_adec8a09,login_complete,success,4000,"{""method"": ""wallet_load""}"
1774217954.6283536,STUDENT_60e6774,login_complete,success,4427.8,"{""method"": ""manual_entry""}"
1774218398.6283536,STUDENT_c3d20f9c,login_complete,success,4000,"{""method"": ""wallet_load""}"
1774219653.6283536,STUDENT_46ad8f80,login_complete,success,4405.8,"{""method"": ""wallet_load""}"
1774226412.6283536,STUDENT_ba92228a,login_complete,success,11843.0,"{""method"": ""manual_entry""}"
1774231068.6283536,STUDENT_42d80083,login_complete,success,4000,"{""method"": ""wallet_load""}"
1774231160.6283536,STUDENT_74a7a188,login_complete,success,4000,"{""method"": ""wallet_load""}"
1774234538.6283536,STUDENT_4931fbf8,login_complete,success,4000,"{""method"": ""wallet_load""}"
1774235320.6283536,STUDENT_3ab0097c,login_complete,success,4830.8,"{""method"": ""wallet_load""}"
1774239798.6283536,STUDENT_79f701cb,login_complete,error,12770.0,"{""method"": ""manual_entry"", ""error"": ""Invalid PIN""}"
1774243494.6283536,STUDENT_88bec247,login_complete,success,4000,"{""method"": ""wallet_load""}"
1774245182.6283536,STUDENT_571e96d1,login_complete,success,18376.0,"{""method"": ""wallet_load""}"
1774257730.6283536,STUDENT_5c75faf3,login_complete,success,18913.0,"{""method"": ""wallet_load""}"
1774260809.6283536,STUDENT_da4ee828,login_complete,success,12219.0,"{""method"": ""wallet_load""}"
1774264807.6283536,STUDENT_80a73eb3,login_complete,success,18782.0,"{""method"": ""manual_entry""}"
1774266783.6283536,STUDENT_6b0ac22a,login_complete,success,6200.0,"{""method"": ""wallet_load""}"
1774268182.6283536,STUDENT_fdf89c2,login_complete,success,9075.0,"{""method"": ""wallet_load""}"
1774272547.6283536,STUDENT_95498429,login_complete,success,4000,"{""method"": ""wallet_load""}"
1774275693.6283536,STUDENT_9c8632ad,login_complete,success,6844.0,"{""method"": ""wallet_load""}"
1774275811.6283536,STUDENT_da4ee828,login_complete,success,6388.0,"{""method"": ""wallet_load""}"
1774279100.6283536,STUDENT_ca12578e,login_complete,success,17367.0,"{""method"": ""wallet_load""}"
1774281775.6283536,STUDENT_eb8c2cc4,login_complete,success,4373.8,"{""method"": ""wallet_load""}"
1774282539.6283536,STUDENT_eb8c2cc4,login_complete,success,13171.0,"{""method"": ""manual_entry""}"
1774284745.6283536,STUDENT_4931fbf8,login_complete,success,4000,"{""method"": ""wallet_load""}"
1774286046.6283536,STUDENT_6bfa82c1,login_complete,success,12159.0,"{""method"": ""wallet_load""}"
1774287285.6283536,STUDENT_5e0240de,login_complete,success,12298.0,"{""method"": ""manual_entry""}"
1774288805.6283536,STUDENT_a44102d2,login_complete,success,18276.0,"{""method"": ""manual_entry""}"
1774296654.6283536,STUDENT_fbd1cbde,login_complete,success,4000,"{""method"": ""manual_entry""}"
1774302884.6283536,STUDENT_fbd1cbde,login_complete,success,4000,"{""method"": ""wallet_load""}"
1774303243.6283536,STUDENT_2d611b40,login_complete,success,4000,"{""method"": ""wallet_load""}"
1774309513.6283536,STUDENT_cdec5ee6,login_complete,success,17670.0,"{""method"": ""wallet_load""}"
1774309606.6283536,STUDENT_ad1bf888,login_complete,success,13325.0,"{""method"": ""manual_entry""}"
1774312023.6283536,STUDENT_c10b9343,login_complete,error,8084,"{""method"": ""manual_entry"", ""error"": ""Signature Mismatch""}"
1774312225.6283536,STUDENT_a5d22e03,login_complete,success,4000,"{""method"": ""wallet_load""}"
1774315932.6283536,STUDENT_d147d0c8,login_complete,success,12874.0,"{""method"": ""manual_entry""}"
1774320782.6283536,STUDENT_60e7a503,login_complete,success,5288.0,"{""method"": ""wallet_load""}"
1774321850.6283536,STUDENT_5bd9eba,login_complete,success,4000,"{""method"": ""wallet_load""}"
1774322253.6283536,STUDENT_1d02d65f,login_complete,success,18763.0,"{""method"": ""wallet_load""}"
1774322395.6283536,STUDENT_c10b9343,login_complete,success,4962.8,"{""method"": ""wallet_load""}"
1774322438.6283536,STUDENT_aa41d24d,login_complete,success,13190.0,"{""method"": ""wallet_load""}"
1774323804.6283536,STUDENT_e3bf7b5d,login_complete,success,8093.0,"{""method"": ""wallet_load""}"
1774324230.6283536,STUDENT_5bd9eba,login_complete,success,7905.0,"{""method"": ""wallet_load""}"
1774325352.6283536,STUDENT_ce893bf5,login_complete,success,12906.0,"{""method"": ""wallet_load""}"
1774328632.6283536,STUDENT_80a73eb3,login_complete,success,9386.0,"{""method"": ""manual_entry""}"
1774333644.6283536,STUDENT_7a97f11f,login_complete,success,5651.0,"{""method"": ""wallet_load""}"
1774333868.6283536,STUDENT_af272637,login_complete,success,9257.0,"{""method"": ""manual_entry""}"
1774334614.6283536,STUDENT_925a0bb6,login_complete,success,8866.0,"{""method"": ""wallet_load""}"
1774335070.6283536,STUDENT_d1c351e0,login_complete,success,4000,"{""method"": ""wallet_load""}"
1774335491.6283536,STUDENT_78bc76d3,login_complete,success,18054.0,"{""method"": ""wallet_load""}"
1774338777.6283536,STUDENT_f959dc38,login_complete,success,4000,"{""method"": ""wallet_load""}"
1774342184.6283536,STUDENT_5c75faf3,login_complete,success,4000,"{""method"": ""wallet_load""}"
1774342706.6283536,STUDENT_9c8632ad,login_complete,success,8224.0,"{""method"": ""wallet_load""}"
1774344461.6283536,STUDENT_5a01813f,login_complete,success,8374.0,"{""method"": ""manual_entry""}"
1774344750.6283536,STUDENT_9130922b,login_complete,success,8891.0,"{""method"": ""wallet_load""}"
1774347640.6283536,STUDENT_58e79bb3,login_complete,success,17866.0,"{""method"": ""wallet_load""}"
1774349579.6283536,STUDENT_44985a69,login_complete,success,4000,"{""method"": ""wallet_load""}"
1774357450.6283536,STUDENT_b99cc491,login_complete,error,7063,"{""method"": ""wallet_load"", ""error"": ""Signature Mismatch""}"
1774361727.6283536,STUDENT_26543ecd,login_complete,success,17607.0,"{""method"": ""wallet_load""}"
1774361727.6283536,STUDENT_dc10de95,login_complete,success,12572.0,"{""method"": ""wallet_load""}"
1774365068.6283536,STUDENT_3ab0097c,login_complete,success,12254.0,"{""method"": ""manual_entry""}"
1774366444.6283536,STUDENT_be97a8b4,login_complete,success,4000,"{""method"": ""wallet_load""}"
1774375231.6283536,STUDENT_d6113e4c,login_complete,success,4030.8,"{""method"": ""wallet_load""}"
1774375563.6283536,STUDENT_fc86655f,login_complete,success,9163.0,"{""method"": ""wallet_load""}"
1774377412.6283536,STUDENT_56fc4f8f,login_complete,success,18978.0,"{""method"": ""manual_entry""}"
1774384376.6283536,STUDENT_ba92228a,login_complete,success,18982.0,"{""method"": ""wallet_load""}"
1774386064.6283536,STUDENT_15994b8c,login_complete,success,18066.0,"{""method"": ""manual_entry""}"
1774387577.6283536,STUDENT_74a7a188,login_complete,error,11656.0,"{""method"": ""wallet_load"", ""error"": ""Signature Mismatch""}"
1774391711.6283536,STUDENT_e724e818,login_complete,success,4000,"{""method"": ""wallet_load""}"
1774392154.6283536,STUDENT_311c44f5,login_complete,success,18243.0,"{""method"": ""wallet_load""}"
1774392196.6283536,STUDENT_2f288ed9,login_complete,success,4422.8,"{""method"": ""wallet_load""}"
1774394860.6283536,STUDENT_eb8c2cc4,login_complete,success,4000,"{""method"": ""wallet_load""}"
1774397501.6283536,STUDENT_4d731dbf,login_complete,success,6854.0,"{""method"": ""wallet_load""}"
1774400152.6283536,STUDENT_f3fcf674,login_complete,success,5368.0,"{""method"": ""manual_entry""}"
1774401178.6283536,STUDENT_d12aaa67,login_complete,success,4000,"{""method"": ""wallet_load""}"
1774404166.6283536,STUDENT_eb035f6,login_complete,success,9696.0,"{""method"": ""wallet_load""}"
1774404489.6283536,STUDENT_bb27b611,login_complete,success,7091.0,"{""method"": ""wallet_load""}"
1774406548.6283536,STUDENT_fdff0751,login_complete,success,4000,"{""method"": ""wallet_load""}"
1774408668.6283536,STUDENT_950f4807,login_complete,success,17959.0,"{""method"": ""manual_entry""}"
1774409204.6283536,STUDENT_c2a99776,login_complete,success,8293.0,"{""method"": ""wallet_load""}"
1774411416.6283536,STUDENT_289e6235,login_complete,success,11733.0,"{""method"": ""wallet_load""}"
1774411899.6283536,STUDENT_5aa98f92,login_complete,success,9367.0,"{""method"": ""wallet_load""}"
1774422503.6283536,STUDENT_39731e4b,login_complete,success,8835.0,"{""method"": ""manual_entry""}"
1774425326.6283536,STUDENT_399f028d,login_complete,success,4000,"{""method"": ""wallet_load""}"
1774425886.6283536,STUDENT_d12aaa67,login_complete,success,4000,"{""method"": ""wallet_load""}"
1774433650.6283536,STUDENT_95498429,login_complete,success,12294.0,"{""method"": ""manual_entry""}"
1774434549.6283536,STUDENT_1dd02711,login_complete,success,8007.0,"{""method"": ""wallet_load""}"
1774437090.6283536,STUDENT_c10b9343,login_complete,success,4000,"{""method"": ""wallet_load""}"
1774441247.6283536,STUDENT_be97a8b4,login_complete,error,7604,"{""method"": ""wallet_load"", ""error"": ""Signature Mismatch""}"
1774442014.6283536,STUDENT_79f701cb,login_complete,success,4000,"{""method"": ""wallet_load""}"
1774442642.6283536,STUDENT_a8b56795,login_complete,error,15242.0,"{""method"": ""manual_entry"", ""error"": ""Signature Mismatch""}"
1774442722.6283536,STUDENT_be97a8b4,login_complete,success,4000,"{""method"": ""wallet_load""}"
1774448974.6283536,STUDENT_42d80083,login_complete,success,5389.0,"{""method"": ""manual_entry""}"
1774450931.6283536,STUDENT_aeda692,login_complete,success,6040.0,"{""method"": ""wallet_load""}"
1774451950.6283536,STUDENT_8b3760f7,login_complete,error,10104.0,"{""method"": ""wallet_load"", ""error"": ""Invalid PIN""}"
1774454140.6283536,STUDENT_cd0b2e29,login_complete,error,21488.0,"{""method"": ""wallet_load"", ""error"": ""Challenge Expired""}"
1774457422.6283536,STUDENT_86790c33,login_complete,success,13409.0,"{""method"": ""manual_entry""}"
1774468515.6283536,STUDENT_a4fa6c3a,login_complete,success,18380.0,"{""method"": ""manual_entry""}"
1774471844.6283536,STUDENT_eb8c2cc4,login_complete,success,4000,"{""method"": ""wallet_load""}"
1774480509.6283536,STUDENT_ff3fe1db,login_complete,success,17446.0,"{""method"": ""manual_entry""}"
1774485742.6283536,STUDENT_79fdff4c,login_complete,success,12059.0,"{""method"": ""wallet_load""}"
1774486709.6283536,STUDENT_c3d20f9c,login_complete,success,18480.0,"{""method"": ""manual_entry""}"
1774494809.6283536,STUDENT_c707c0e8,login_complete,success,4000,"{""method"": ""wallet_load""}"
1774499192.6283536,STUDENT_be97a8b4,login_complete,success,4000,"{""method"": ""wallet_load""}"
1774501792.6283536,STUDENT_630a9059,login_complete,success,4000,"{""method"": ""wallet_load""}"
1774505360.6283536,STUDENT_7304cdfb,login_complete,success,9710.0,"{""method"": ""manual_entry""}"
1774507224.6283536,STUDENT_399f028d,login_complete,success,12383.0,"{""method"": ""wallet_load""}"
1774507300.6283536,STUDENT_c2a99776,login_complete,success,4000,"{""method"": ""wallet_load""}"
1774508450.6283536,STUDENT_eb035f6,login_complete,success,17149.0,"{""method"": ""manual_entry""}"
1774512649.6283536,STUDENT_60e7a503,login_complete,success,18814.0,"{""method"": ""wallet_load""}"
1774512688.6283536,STUDENT_beda09c8,login_complete,success,12632.0,"{""method"": ""manual_entry""}"
1774512907.6283536,STUDENT_ff3fe1db,login_complete,success,12240.0,"{""method"": ""wallet_load""}"
1774514500.6283536,STUDENT_af71f597,login_complete,success,11714.0,"{""method"": ""wallet_load""}"
1774515461.6283536,STUDENT_22a221bc,login_complete,success,7917.0,"{""method"": ""manual_entry""}"
1774516769.6283536,STUDENT_2ecf89be,login_complete,success,18390.0,"{""method"": ""manual_entry""}"
1774525471.6283536,STUDENT_83cd92bd,login_complete,success,17478.0,"{""method"": ""manual_entry""}"
1774528917.6283536,STUDENT_79fdff4c,login_complete,success,4077.8,"{""method"": ""manual_entry""}"
1774528973.6283536,STUDENT_60e6774,login_complete,success,12960.0,"{""method"": ""manual_entry""}"
1774534720.6283536,STUDENT_8b3760f7,login_complete,success,5939.0,"{""method"": ""wallet_load""}"
1774536826.6283536,STUDENT_cea1e917,login_complete,success,8866.0,"{""method"": ""manual_entry""}"
1774553165.6283536,STUDENT_2d611b40,login_complete,success,4000,"{""method"": ""wallet_load""}"
1774555007.6283536,STUDENT_cbb1015b,login_complete,success,6948.0,"{""method"": ""manual_entry""}"
1774557694.6283536,STUDENT_cd0b2e29,login_complete,success,4000,"{""method"": ""wallet_load""}"
1774558219.6283536,STUDENT_2013c758,login_complete,success,12841.0,"{""method"": ""wallet_load""}"
1774560068.6283536,STUDENT_d12aaa67,login_complete,success,5891.0,"{""method"": ""wallet_load""}"
1774560129.6283536,STUDENT_eb035f6,login_complete,success,4000,"{""method"": ""wallet_load""}"
1774563171.6283536,STUDENT_a4fa6c3a,login_complete,success,7125.0,"{""method"": ""manual_entry""}"
1774573228.6283536,STUDENT_2f643c2,login_complete,success,4000,"{""method"": ""wallet_load""}"
1774573464.6283536,STUDENT_399f028d,login_complete,success,7863.0,"{""method"": ""wallet_load""}"
1774574998.6283536,STUDENT_d5c1c398,login_complete,success,7930.0,"{""method"": ""wallet_load""}"
1774576808.6283536,STUDENT_79f701cb,login_complete,success,4000,"{""method"": ""wallet_load""}"
1774577700.6283536,STUDENT_ba92228a,login_complete,success,4000,"{""method"": ""wallet_load""}"
1774578599.6283536,STUDENT_d416df08,login_complete,success,5273.0,"{""method"": ""wallet_load""}"
1774580904.6283536,STUDENT_e340a4df,login_complete,success,11653.0,"{""method"": ""manual_entry""}"
1774581474.6283536,STUDENT_9130922b,login_complete,error,15509.0,"{""method"": ""wallet_load"", ""error"": ""Signature Mismatch""}"
1774589252.6283536,STUDENT_950f4807,login_complete,error,10965.0,"{""method"": ""wallet_load"", ""error"": ""Signature Mismatch""}"
1774594402.6283536,STUDENT_cdec5ee6,login_complete,success,4201.8,"{""method"": ""manual_entry""}"
1774595217.6283536,STUDENT_74a7a188,login_complete,success,4000,"{""method"": ""wallet_load""}"
1774597099.6283536,STUDENT_af71f597,login_complete,success,4000,"{""method"": ""wallet_load""}"
1774597643.6283536,STUDENT_3372ddbd,login_complete,success,5930.0,"{""method"": ""manual_entry""}"
1774601214.6283536,STUDENT_f451ffce,login_complete,success,4000,"{""method"": ""wallet_load""}"
1774602204.6283536,STUDENT_c707c0e8,login_complete,success,12494.0,"{""method"": ""wallet_load""}"
1774609553.6283536,STUDENT_e9c35022,login_complete,success,9245.0,"{""method"": ""manual_entry""}"
1774612240.6283536,STUDENT_36dae04e,login_complete,success,6556.0,"{""method"": ""wallet_load""}"
1774612488.6283536,STUDENT_2eb535b7,login_complete,success,12061.0,"{""method"": ""manual_entry""}"
1774613919.6283536,STUDENT_1d02d65f,login_complete,success,9317.0,"{""method"": ""wallet_load""}"
1774621398.6283536,STUDENT_a740ee9a,login_complete,success,6580.0,"{""method"": ""manual_entry""}"
1774629826.6283536,STUDENT_78bc76d3,login_complete,success,8183.0,"{""method"": ""manual_entry""}"
1774631532.6283536,STUDENT_68d0a96e,login_complete,success,4000,"{""method"": ""wallet_load""}"
1774633418.6283536,STUDENT_583fd365,login_complete,error,21928.0,"{""method"": ""manual_entry"", ""error"": ""Challenge Expired""}"
1774634642.6283536,STUDENT_2d611b40,login_complete,success,11724.0,"{""method"": ""manual_entry""}"
1774643011.6283536,STUDENT_3372ddbd,login_complete,success,12828.0,"{""method"": ""manual_entry""}"
1774644320.6283536,STUDENT_8b3760f7,login_complete,success,4000,"{""method"": ""wallet_load""}"
1774647377.6283536,STUDENT_a1095fc6,login_complete,success,9423.0,"{""method"": ""manual_entry""}"
1774648653.6283536,STUDENT_beda09c8,login_complete,success,9415.0,"{""method"": ""manual_entry""}"
1774651093.6283536,STUDENT_4931fbf8,login_complete,success,5306.0,"{""method"": ""manual_entry""}"
1774658042.6283536,STUDENT_d84ec294,login_complete,success,4119.8,"{""method"": ""manual_entry""}"
1774658955.6283536,STUDENT_c2a99776,login_complete,success,4000,"{""method"": ""wallet_load""}"
1774663611.6283536,STUDENT_19b40fb1,login_complete,success,17884.0,"{""method"": ""manual_entry""}"
1774667306.6283536,STUDENT_a4fa6c3a,login_complete,error,16968.0,"{""method"": ""wallet_load"", ""error"": ""Signature Mismatch""}"
1774668468.6283536,STUDENT_beda09c8,login_complete,success,5955.0,"{""method"": ""wallet_load""}"
1774669547.6283536,STUDENT_f0290010,login_complete,success,9484.0,"{""method"": ""manual_entry""}"
1774673843.6283536,STUDENT_f97284a6,login_complete,success,13027.0,"{""method"": ""manual_entry""}"
1774675260.6283536,STUDENT_adec8a09,login_complete,success,7838.0,"{""method"": ""manual_entry""}"
1774680342.6283536,STUDENT_2d611b40,login_complete,success,6534.0,"{""method"": ""wallet_load""}"
1774680665.6283536,STUDENT_a740ee9a,login_complete,success,12788.0,"{""method"": ""manual_entry""}"
1774680768.6283536,STUDENT_86790c33,login_complete,success,8198.0,"{""method"": ""manual_entry""}"
1774681815.6283536,STUDENT_af272637,login_complete,error,21228.0,"{""method"": ""wallet_load"", ""error"": ""Challenge Expired""}"
1774682336.6283536,STUDENT_ba92228a,login_complete,success,4517.8,"{""method"": ""wallet_load""}"
1774683895.6283536,STUDENT_af71f597,login_complete,success,4000,"{""method"": ""wallet_load""}"
1774689916.6283536,STUDENT_5c75faf3,login_complete,success,5111.8,"{""method"": ""wallet_load""}"
1774697253.6283536,STUDENT_fc86655f,login_complete,success,12259.0,"{""method"": ""wallet_load""}"
1774699263.6283536,STUDENT_2f643c2,login_complete,success,12845.0,"{""method"": ""wallet_load""}"
1774699407.6283536,STUDENT_ba92228a,login_complete,success,6949.0,"{""method"": ""manual_entry""}"
1774700570.6283536,STUDENT_630a9059,login_complete,success,4872.8,"{""method"": ""wallet_load""}"
1774706184.6283536,STUDENT_40852880,login_complete,success,12209.0,"{""method"": ""wallet_load""}"
1774708178.6283536,STUDENT_cd0b2e29,login_complete,error,8386,"{""method"": ""wallet_load"", ""error"": ""Challenge Expired""}"
1774708885.6283536,STUDENT_bb27b611,login_complete,success,4000,"{""method"": ""wallet_load""}"
1774710167.6283536,STUDENT_630a9059,login_complete,success,12160.0,"{""method"": ""wallet_load""}"
1774710228.6283536,STUDENT_eb035f6,login_complete,success,12305.0,"{""method"": ""manual_entry""}"
1774716595.6283536,STUDENT_ff3fe1db,login_complete,success,4000,"{""method"": ""wallet_load""}"
1774719832.6283536,STUDENT_8b3760f7,login_complete,success,11697.0,"{""method"": ""wallet_load""}"
1774724637.6283536,STUDENT_fdff0751,login_complete,success,9541.0,"{""method"": ""wallet_load""}"
1774725757.6283536,STUDENT_f3ef5dd4,login_complete,success,6278.0,"{""method"": ""wallet_load""}"
1774727352.6283536,STUDENT_d705b592,login_complete,success,4000,"{""method"": ""wallet_load""}"
1774727600.6283536,STUDENT_f97284a6,login_complete,error,20608.0,"{""method"": ""wallet_load"", ""error"": ""Signature Mismatch""}"
1774734645.6283536,STUDENT_d5c1c398,login_complete,success,12661.0,"{""method"": ""manual_entry""}"
1774740797.6283536,STUDENT_5e0240de,login_complete,success,5644.0,"{""method"": ""wallet_load""}"
1774746640.6283536,STUDENT_ad7813b0,login_complete,success,8703.0,"{""method"": ""wallet_load""}"
1774747692.6283536,STUDENT_e340a4df,login_complete,success,9189.0,"{""method"": ""wallet_load""}"
1774752065.6283536,STUDENT_79fdff4c,login_complete,success,9171.0,"{""method"": ""wallet_load""}"
1774757272.6283536,STUDENT_8a33be55,login_complete,error,10526.0,"{""method"": ""wallet_load"", ""error"": ""Signature Mismatch""}"
1774757766.6283536,STUDENT_d147d0c8,login_complete,success,17769.0,"{""method"": ""manual_entry""}"
1774758197.6283536,STUDENT_79f701cb,login_complete,error,20270.0,"{""method"": ""wallet_load"", ""error"": ""Challenge Expired""}"
1774764697.6283536,STUDENT_d1c351e0,login_complete,error,15967.0,"{""method"": ""manual_entry"", ""error"": ""Challenge Expired""}"
1774775449.6283536,STUDENT_44985a69,login_complete,success,9610.0,"{""method"": ""wallet_load""}"
1774777958.6283536,STUDENT_bcaf8d5d,login_complete,success,17194.0,"{""method"": ""manual_entry""}"
1774778882.6283536,STUDENT_a1095fc6,login_complete,success,13074.0,"{""method"": ""manual_entry""}"
1774785914.6283536,STUDENT_583fd365,login_complete,success,9395.0,"{""method"": ""wallet_load""}"
1774787857.6283536,STUDENT_f78bb2fd,login_complete,success,9446.0,"{""method"": ""wallet_load""}"
1774788095.6283536,STUDENT_363e002e,login_complete,error,21263.0,"{""method"": ""manual_entry"", ""error"": ""Challenge Expired""}"
1774793099.6283536,STUDENT_a740ee9a,login_complete,success,4000,"{""method"": ""wallet_load""}"
1774793859.6283536,STUDENT_8e242799,login_complete,success,13115.0,"{""method"": ""wallet_load""}"
1774800440.6283536,STUDENT_925a0bb6,login_complete,error,15070.0,"{""method"": ""wallet_load"", ""error"": ""Challenge Expired""}"
1774802145.6283536,STUDENT_5bd9eba,login_complete,success,4636.8,"{""method"": ""wallet_load""}"
1774805546.6283536,STUDENT_56fc4f8f,login_complete,success,9764.0,"{""method"": ""wallet_load""}"
1774807813.6283536,STUDENT_3ab0097c,login_complete,success,4000,"{""method"": ""wallet_load""}"
1774807935.6283536,STUDENT_42d80083,login_complete,success,4000,"{""method"": ""wallet_load""}"
1774810761.6283536,STUDENT_583fd365,login_complete,success,11839.0,"{""method"": ""manual_entry""}"
1774814975.6283536,STUDENT_53f26f19,login_complete,success,7069.0,"{""method"": ""manual_entry""}"
1774816862.6283536,STUDENT_46511608,login_complete,success,11985.0,"{""method"": ""manual_entry""}"
1774818638.6283536,STUDENT_7304cdfb,login_complete,error,21220.0,"{""method"": ""manual_entry"", ""error"": ""Invalid PIN""}"
1774820896.6283536,STUDENT_39731e4b,login_complete,success,13112.0,"{""method"": ""manual_entry""}"
1774836131.6283536,STUDENT_d12aaa67,login_complete,success,4000,"{""method"": ""wallet_load""}"
1774836963.6283536,STUDENT_1d02d65f,login_complete,success,4000,"{""method"": ""wallet_load""}"
1774841221.6283536,STUDENT_a44102d2,login_complete,success,13518.0,"{""method"": ""manual_entry""}"
1774842155.6283536,STUDENT_cdec5ee6,login_complete,success,5891.0,"{""method"": ""wallet_load""}"
1774844559.6283536,STUDENT_da4ee828,login_complete,success,4000,"{""method"": ""wallet_load""}"
1774845132.6283536,STUDENT_e340a4df,login_complete,success,6326.0,"{""method"": ""wallet_load""}"
1774845744.6283536,STUDENT_3ab0097c,login_complete,success,4000,"{""method"": ""wallet_load""}"
1774854309.6283536,STUDENT_ba92228a,login_complete,success,4000,"{""method"": ""manual_entry""}"
1774858987.6283536,STUDENT_f97284a6,login_complete,success,4610.8,"{""method"": ""wallet_load""}"
1774862981.6283536,STUDENT_68d0a96e,login_complete,success,4000,"{""method"": ""wallet_load""}"
1774865754.6283536,STUDENT_46511608,login_complete,success,9350.0,"{""method"": ""wallet_load""}"
1774867150.6283536,STUDENT_78bc76d3,login_complete,success,4000,"{""method"": ""wallet_load""}"
1774870675.6283536,STUDENT_aa41d24d,login_complete,success,9330.0,"{""method"": ""manual_entry""}"
1774872833.6283536,STUDENT_cd0b2e29,login_complete,success,4000,"{""method"": ""wallet_load""}"
1774872942.6283536,STUDENT_8c6e1567,login_complete,success,7857.0,"{""method"": ""wallet_load""}"
1774874827.6283536,STUDENT_9532aee5,login_complete,success,12088.0,"{""method"": ""manual_entry""}"
1774877421.6283536,STUDENT_d705b592,login_complete,success,4000,"{""method"": ""wallet_load""}"
1774879464.6283536,STUDENT_1d02d65f,login_complete,success,4000,"{""method"": ""wallet_load""}"
1774879710.6283536,STUDENT_95498429,login_complete,error,22307.0,"{""method"": ""manual_entry"", ""error"": ""Signature Mismatch""}"
1774882286.6283536,STUDENT_4931fbf8,login_complete,success,4000,"{""method"": ""wallet_load""}"
1774885082.6283536,STUDENT_d12aaa67,login_complete,success,12899.0,"{""method"": ""manual_entry""}"
1774885500.6283536,STUDENT_e165fb7a,login_complete,success,7823.0,"{""method"": ""wallet_load""}"
1774888864.6283536,STUDENT_dc10de95,login_complete,error,20493.0,"{""method"": ""wallet_load"", ""error"": ""Signature Mismatch""}"
1774891649.6283536,STUDENT_2ecf89be,login_complete,error,15974.0,"{""method"": ""wallet_load"", ""error"": ""Signature Mismatch""}"
1774894177.6283536,STUDENT_b7f2da5d,login_complete,success,7018.0,"{""method"": ""wallet_load""}"
1774897733.6283536,STUDENT_3d7ad99e,login_complete,success,7880.0,"{""method"": ""manual_entry""}"
1774899922.6283536,STUDENT_cd0b2e29,login_complete,error,8972,"{""method"": ""wallet_load"", ""error"": ""Invalid PIN""}"
1774900364.6283536,STUDENT_a8b56795,login_complete,error,21953.0,"{""method"": ""manual_entry"", ""error"": ""Challenge Expired""}"
1774904694.6283536,STUDENT_c707c0e8,login_complete,success,4000,"{""method"": ""wallet_load""}"
1774905949.6283536,STUDENT_9148364f,login_complete,success,8613.0,"{""method"": ""wallet_load""}"
1774906930.6283536,STUDENT_289e6235,login_complete,success,17636.0,"{""method"": ""manual_entry""}"
1774906942.6283536,STUDENT_9c8632ad,login_complete,success,11774.0,"{""method"": ""wallet_load""}"
1774907686.6283536,STUDENT_2a5eab9,login_complete,success,8929.0,"{""method"": ""manual_entry""}"
1774912371.6283536,STUDENT_d50e80c2,login_complete,error,20785.0,"{""method"": ""manual_entry"", ""error"": ""Signature Mismatch""}"
1774913703.6283536,STUDENT_e2c4c113,login_complete,success,12268.0,"{""method"": ""manual_entry""}"
1774920357.6283536,STUDENT_2cd24cba,login_complete,success,6798.0,"{""method"": ""manual_entry""}"
1774921576.6283536,STUDENT_adec8a09,login_complete,success,4000,"{""method"": ""wallet_load""}"
1774923404.6283536,STUDENT_a00a5bc7,login_complete,success,12117.0,"{""method"": ""wallet_load""}"
1774923816.6283536,STUDENT_c10b9343,login_complete,success,6246.0,"{""method"": ""manual_entry""}"
1774924449.6283536,STUDENT_89be8bff,login_complete,success,5791.0,"{""method"": ""manual_entry""}"
1774924936.6283536,STUDENT_89be8bff,login_complete,success,4000,"{""method"": ""wallet_load""}"
1774925466.6283536,STUDENT_19b40fb1,login_complete,success,11621.0,"{""method"": ""manual_entry""}"
1774927326.6283536,STUDENT_78bc76d3,login_complete,success,13580.0,"{""method"": ""wallet_load""}"
1774927978.6283536,STUDENT_399f028d,login_complete,error,19625.0,"{""method"": ""wallet_load"", ""error"": ""Invalid PIN""}"
1774929574.6283536,STUDENT_26543ecd,login_complete,success,8043.0,"{""method"": ""manual_entry""}"
1774932101.6283536,STUDENT_c2a99776,login_complete,success,4000,"{""method"": ""wallet_load""}"
1774935477.6283536,STUDENT_f6cc2d7f,login_complete,success,5295.0,"{""method"": ""wallet_load""}"
1774938882.6283536,STUDENT_a740ee9a,login_complete,success,17042.0,"{""method"": ""wallet_load""}"
1774939792.6283536,STUDENT_2f643c2,login_complete,success,4000,"{""method"": ""wallet_load""}"
1774941938.6283536,STUDENT_c3d20f9c,login_complete,success,8776.0,"{""method"": ""manual_entry""}"
1774949904.6283536,STUDENT_be97a8b4,login_complete,success,4000,"{""method"": ""wallet_load""}"
1774953686.6283536,STUDENT_bd979af0,login_complete,success,8233.0,"{""method"": ""wallet_load""}"
1774955699.6283536,STUDENT_beda09c8,login_complete,success,4000,"{""method"": ""wallet_load""}"
1774957687.6283536,STUDENT_f97284a6,login_complete,success,5868.0,"{""method"": ""wallet_load""}"
1774960052.6283536,STUDENT_5a01813f,login_complete,success,18561.0,"{""method"": ""manual_entry""}"
1774964478.6283536,STUDENT_2f643c2,login_complete,success,4000,"{""method"": ""wallet_load""}"
1774973458.6283536,STUDENT_1dd02711,login_complete,success,4000,"{""method"": ""wallet_load""}"
1774982628.6283536,STUDENT_d84ec294,login_complete,success,4000,"{""method"": ""wallet_load""}"
1774985099.6283536,STUDENT_26543ecd,login_complete,success,12593.0,"{""method"": ""wallet_load""}"
1774996056.6283536,STUDENT_88bec247,login_complete,error,21627.0,"{""method"": ""manual_entry"", ""error"": ""Signature Mismatch""}"
1774998643.6283536,STUDENT_9148364f,login_complete,success,12764.0,"{""method"": ""manual_entry""}"
1775002196.6283536,STUDENT_fc86655f,login_complete,success,4000,"{""method"": ""wallet_load""}"
1775002594.6283536,STUDENT_cbb1015b,login_complete,success,9118.0,"{""method"": ""manual_entry""}"
1775005056.6283536,STUDENT_8a33be55,login_complete,success,5154.8,"{""method"": ""manual_entry""}"
1775011719.6283536,STUDENT_5c75faf3,login_complete,success,12637.0,"{""method"": ""manual_entry""}"
1775013106.6283536,STUDENT_949a9e51,login_complete,error,15970.0,"{""method"": ""wallet_load"", ""error"": ""Challenge Expired""}"
1775013280.6283536,STUDENT_8c6e1567,login_complete,success,4573.8,"{""method"": ""wallet_load""}"
1775015342.6283536,STUDENT_89be8bff,login_complete,success,8398.0,"{""method"": ""wallet_load""}"
1775021603.6283536,STUDENT_74a7a188,login_complete,success,9637.0,"{""method"": ""manual_entry""}"
1775030199.6283536,STUDENT_a8b56795,login_complete,success,4279.8,"{""method"": ""wallet_load""}"
1775032291.6283536,STUDENT_c3d20f9c,login_complete,success,12860.0,"{""method"": ""manual_entry""}"
1775037742.6283536,STUDENT_d6113e4c,login_complete,error,7766,"{""method"": ""wallet_load"", ""error"": ""Signature Mismatch""}"
1775037928.6283536,STUDENT_fc86655f,login_complete,success,4000,"{""method"": ""wallet_load""}"
1775041649.6283536,STUDENT_fdff0751,login_complete,success,4150.8,"{""method"": ""wallet_load""}"
1775043571.6283536,STUDENT_cd0b2e29,login_complete,success,12754.0,"{""method"": ""manual_entry""}"
1775047088.6283536,STUDENT_cbb1015b,login_complete,success,12356.0,"{""method"": ""wallet_load""}"
1775056315.6283536,STUDENT_d416df08,login_complete,success,8087.0,"{""method"": ""manual_entry""}"
1775058174.6283536,STUDENT_60e7a503,login_complete,success,12215.0,"{""method"": ""wallet_load""}"
1775060107.6283536,STUDENT_f451ffce,login_complete,success,4000,"{""method"": ""wallet_load""}"
1775061081.6283536,STUDENT_fbd1cbde,login_complete,error,11957.0,"{""method"": ""wallet_load"", ""error"": ""Signature Mismatch""}"
1775061142.6283536,STUDENT_f97284a6,login_complete,success,4000,"{""method"": ""manual_entry""}"
1775061316.6283536,STUDENT_f451ffce,login_complete,success,17631.0,"{""method"": ""manual_entry""}"
1775062106.6283536,STUDENT_be97a8b4,login_complete,success,12599.0,"{""method"": ""manual_entry""}"
1775062917.6283536,STUDENT_f0290010,login_complete,error,23644.0,"{""method"": ""wallet_load"", ""error"": ""Signature Mismatch""}"
1775065733.6283536,STUDENT_f0d3a70c,login_complete,success,18941.0,"{""method"": ""manual_entry""}"
1775067383.6283536,STUDENT_f451ffce,login_complete,success,8357.0,"{""method"": ""manual_entry""}"
1775085308.6283536,STUDENT_b7f2da5d,login_complete,success,4000,"{""method"": ""wallet_load""}"
1775090159.6283536,STUDENT_5aa98f92,login_complete,success,13356.0,"{""method"": ""wallet_load""}"
1775090531.6283536,STUDENT_890b68e7,login_complete,success,9243.0,"{""method"": ""wallet_load""}"
1775095075.6283536,STUDENT_42d80083,login_complete,error,7319.8,"{""method"": ""manual_entry"", ""error"": ""Invalid PIN""}"
1775099497.6283536,STUDENT_950f4807,login_complete,success,8285.0,"{""method"": ""wallet_load""}"
1775099840.6283536,STUDENT_89be8bff,login_complete,success,4000,"{""method"": ""wallet_load""}"
1775100800.6283536,STUDENT_b99cc491,login_complete,success,17518.0,"{""method"": ""manual_entry""}"
1775103896.6283536,STUDENT_88bec247,login_complete,success,9167.0,"{""method"": ""wallet_load""}"
1775108759.6283536,STUDENT_68d0a96e,login_complete,success,7051.0,"{""method"": ""wallet_load""}"
1775113052.6283536,STUDENT_aeda692,login_complete,success,4000,"{""method"": ""wallet_load""}"
1775124057.6283536,STUDENT_e165fb7a,login_complete,success,6574.0,"{""method"": ""manual_entry""}"
1775124358.6283536,STUDENT_fc86655f,login_complete,success,4000,"{""method"": ""wallet_load""}"
1775127656.6283536,STUDENT_be97a8b4,login_complete,success,4000,"{""method"": ""wallet_load""}"
1775130922.6283536,STUDENT_ff3fe1db,login_complete,success,8042.0,"{""method"": ""wallet_load""}"
1775135509.6283536,STUDENT_46ad8f80,login_complete,success,9220.0,"{""method"": ""wallet_load""}"
1775138450.6283536,STUDENT_f78bb2fd,login_complete,success,17032.0,"{""method"": ""manual_entry""}"
1775141278.6283536,STUDENT_bd979af0,login_complete,success,5741.0,"{""method"": ""wallet_load""}"
1775142234.6283536,STUDENT_bd979af0,login_complete,success,17273.0,"{""method"": ""manual_entry""}"
1775147905.6283536,STUDENT_5bd9eba,login_complete,success,17481.0,"{""method"": ""manual_entry""}"
1775154185.6283536,STUDENT_2a5eab9,login_complete,error,22144.0,"{""method"": ""manual_entry"", ""error"": ""Invalid PIN""}"
1775154971.6283536,STUDENT_a00a5bc7,login_complete,success,17793.0,"{""method"": ""wallet_load""}"
1775158420.6283536,STUDENT_8ca0474b,login_complete,success,18237.0,"{""method"": ""wallet_load""}"
1775163348.6283536,STUDENT_3ab0097c,login_complete,success,8981.0,"{""method"": ""manual_entry""}"
1775163404.6283536,STUDENT_1dd02711,login_complete,success,5779.0,"{""method"": ""manual_entry""}"
1775165382.6283536,STUDENT_42d80083,login_complete,success,12191.0,"{""method"": ""manual_entry""}"
1775170508.6283536,STUDENT_46511608,login_complete,success,4000,"{""method"": ""wallet_load""}"
1775172834.6283536,STUDENT_e724e818,login_complete,success,12079.0,"{""method"": ""wallet_load""}"
1775173097.6283536,STUDENT_e724e818,login_complete,success,17442.0,"{""method"": ""manual_entry""}"
1775174645.6283536,STUDENT_d705b592,login_complete,success,12094.0,"{""method"": ""wallet_load""}"
1775178543.6283536,STUDENT_d6113e4c,login_complete,success,4000,"{""method"": ""wallet_load""}"
1775179401.6283536,STUDENT_6b0ac22a,login_complete,success,4151.8,"{""method"": ""manual_entry""}"
1775183122.6283536,STUDENT_ca12578e,login_complete,success,12339.0,"{""method"": ""manual_entry""}"
1775185252.6283536,STUDENT_d6113e4c,login_complete,success,4000,"{""method"": ""wallet_load""}"
1775185307.6283536,STUDENT_adec8a09,login_complete,success,5809.0,"{""method"": ""manual_entry""}"
1775187695.6283536,STUDENT_f3ef5dd4,login_complete,success,18255.0,"{""method"": ""wallet_load""}"
1775187853.6283536,STUDENT_8ca0474b,login_complete,success,6543.0,"{""method"": ""wallet_load""}"
1775189608.6283536,STUDENT_890b68e7,login_complete,success,18475.0,"{""method"": ""manual_entry""}"
1775192334.6283536,STUDENT_be97a8b4,login_complete,success,7166.0,"{""method"": ""wallet_load""}"
1775193335.6283536,STUDENT_6bfa82c1,login_complete,error,8787.0,"{""method"": ""manual_entry"", ""error"": ""Signature Mismatch""}"
1775201237.6283536,STUDENT_c2a99776,login_complete,success,4000,"{""method"": ""wallet_load""}"
1775209099.6283536,STUDENT_8b3760f7,login_complete,success,5263.8,"{""method"": ""wallet_load""}"
1775211741.6283536,STUDENT_46511608,login_complete,success,17961.0,"{""method"": ""manual_entry""}"
1775213242.6283536,STUDENT_f78bb2fd,login_complete,success,13479.0,"{""method"": ""wallet_load""}"
1775214760.6283536,STUDENT_8e242799,login_complete,success,8803.0,"{""method"": ""wallet_load""}"
1775215380.6283536,STUDENT_4d731dbf,login_complete,success,8201.0,"{""method"": ""wallet_load""}"
1775216368.6283536,STUDENT_36dae04e,login_complete,success,4000,"{""method"": ""wallet_load""}"
1775217942.6283536,STUDENT_26543ecd,login_complete,success,4000,"{""method"": ""wallet_load""}"
1775222676.6283536,STUDENT_42d80083,login_complete,success,4000,"{""method"": ""wallet_load""}"
1775224369.6283536,STUDENT_b06cb0d8,login_complete,success,8756.0,"{""method"": ""wallet_load""}"
1775230715.6283536,STUDENT_88bec247,login_complete,error,17439.0,"{""method"": ""manual_entry"", ""error"": ""Signature Mismatch""}"
1775231948.6283536,STUDENT_b7f2da5d,login_complete,error,20485.0,"{""method"": ""wallet_load"", ""error"": ""Invalid PIN""}"
1775234863.6283536,STUDENT_26543ecd,login_complete,success,5648.0,"{""method"": ""manual_entry""}"
1775236768.6283536,STUDENT_3372ddbd,login_complete,success,9160.0,"{""method"": ""manual_entry""}"
1775237564.6283536,STUDENT_d6113e4c,login_complete,success,12290.0,"{""method"": ""manual_entry""}"
1775244321.6283536,STUDENT_5c75faf3,login_complete,success,5445.0,"{""method"": ""wallet_load""}"
1775245681.6283536,STUDENT_890b68e7,login_complete,success,4000,"{""method"": ""wallet_load""}"
1775256070.6283536,STUDENT_b06cb0d8,login_complete,success,18840.0,"{""method"": ""manual_entry""}"
1775256650.6283536,STUDENT_f451ffce,login_complete,success,4000,"{""method"": ""wallet_load""}"
1775256760.6283536,STUDENT_b06cb0d8,login_complete,success,13150.0,"{""method"": ""manual_entry""}"
1775259322.6283536,STUDENT_22a221bc,login_complete,success,13000.0,"{""method"": ""wallet_load""}"
1775260773.6283536,STUDENT_289e6235,login_complete,success,8691.0,"{""method"": ""manual_entry""}"
1775263878.6283536,STUDENT_ad1bf888,login_complete,success,9164.0,"{""method"": ""manual_entry""}"
1775268524.6283536,STUDENT_e9c35022,login_complete,success,4000,"{""method"": ""wallet_load""}"
1775271653.6283536,STUDENT_eb035f6,login_complete,success,4264.8,"{""method"": ""manual_entry""}"
1775277047.6283536,STUDENT_d12aaa67,login_complete,success,9465.0,"{""method"": ""wallet_load""}"
1775281566.6283536,STUDENT_fdff0751,login_complete,success,17188.0,"{""method"": ""wallet_load""}"
1775282392.6283536,STUDENT_e9c35022,login_complete,success,4000,"{""method"": ""wallet_load""}"
1775282585.6283536,STUDENT_60e6774,login_complete,success,17404.0,"{""method"": ""manual_entry""}"
1775282789.6283536,STUDENT_5a01813f,login_complete,success,13337.0,"{""method"": ""manual_entry""}"
1775284796.6283536,STUDENT_fac2f9f5,login_complete,success,8951.0,"{""method"": ""wallet_load""}"
1775291525.6283536,STUDENT_a8b56795,login_complete,error,13746.0,"{""method"": ""manual_entry"", ""error"": ""Signature Mismatch""}"
1775294722.6283536,STUDENT_80a73eb3,login_complete,success,13515.0,"{""method"": ""manual_entry""}"
1775298758.6283536,STUDENT_53f26f19,login_complete,success,11798.0,"{""method"": ""manual_entry""}"
1775306618.6283536,STUDENT_e3bf7b5d,login_complete,success,13363.0,"{""method"": ""wallet_load""}"
1775307582.6283536,STUDENT_6bfa82c1,login_complete,success,17984.0,"{""method"": ""manual_entry""}"
1775315172.6283536,STUDENT_da4ee828,login_complete,success,18483.0,"{""method"": ""manual_entry""}"
1775315447.6283536,STUDENT_7974957e,login_complete,success,17178.0,"{""method"": ""manual_entry""}"
1775316597.6283536,STUDENT_2013c758,login_complete,success,5190.0,"{""method"": ""wallet_load""}"
1775319059.6283536,STUDENT_a5d22e03,login_complete,success,5497.0,"{""method"": ""manual_entry""}"
1775323480.6283536,STUDENT_ac89ba08,login_complete,success,12521.0,"{""method"": ""manual_entry""}"
1775324839.6283536,STUDENT_3ab0097c,login_complete,success,4000,"{""method"": ""wallet_load""}"
1775328752.6283536,STUDENT_d6113e4c,login_complete,success,4000,"{""method"": ""wallet_load""}"
1775328779.6283536,STUDENT_1dd02711,login_complete,success,17613.0,"{""method"": ""manual_entry""}"
1775328784.6283536,STUDENT_c10b9343,login_complete,success,12863.0,"{""method"": ""manual_entry""}"
1775329418.6283536,STUDENT_fc86655f,login_complete,success,4000,"{""method"": ""wallet_load""}"
1775332322.6283536,STUDENT_aeda692,login_complete,success,8672.0,"{""method"": ""wallet_load""}"
1775334364.6283536,STUDENT_4d731dbf,login_complete,success,13129.0,"{""method"": ""manual_entry""}"
1775335394.6283536,STUDENT_2eb535b7,login_complete,success,4000,"{""method"": ""wallet_load""}"
1775336419.6283536,STUDENT_f451ffce,login_complete,success,4000,"{""method"": ""wallet_load""}"
1775339666.6283536,STUDENT_3d7ad99e,login_complete,success,13097.0,"{""method"": ""manual_entry""}"
1775340006.6283536,STUDENT_74a7a188,login_complete,success,13254.0,"{""method"": ""manual_entry""}"
1775340823.6283536,STUDENT_fac2f9f5,login_complete,success,6196.0,"{""method"": ""wallet_load""}"
1775348918.6283536,STUDENT_95498429,login_complete,success,4000,"{""method"": ""wallet_load""}"
1775353700.6283536,STUDENT_cd0b2e29,login_complete,success,4000,"{""method"": ""wallet_load""}"
1775354588.6283536,STUDENT_88bec247,login_complete,success,5738.0,"{""method"": ""wallet_load""}"
1775358058.6283536,STUDENT_d416df08,login_complete,success,18810.0,"{""method"": ""wallet_load""}"
1775359342.6283536,STUDENT_6b0ac22a,login_complete,success,9258.0,"{""method"": ""wallet_load""}"
1775369377.6283536,STUDENT_1bc2387c,login_complete,success,4000,"{""method"": ""wallet_load""}"
1775375473.6283536,STUDENT_bcfc4d64,login_complete,success,18891.0,"{""method"": ""manual_entry""}"
1775376735.6283536,STUDENT_d516c87c,login_complete,error,20349.0,"{""method"": ""wallet_load"", ""error"": ""Challenge Expired""}"
1775376748.6283536,STUDENT_1bc2387c,login_complete,success,18713.0,"{""method"": ""manual_entry""}"
1775380803.6283536,STUDENT_78bc76d3,login_complete,success,4000,"{""method"": ""wallet_load""}"
1775385295.6283536,STUDENT_7974957e,login_complete,success,8224.0,"{""method"": ""wallet_load""}"
1775385425.6283536,STUDENT_e9c35022,login_complete,success,6256.0,"{""method"": ""wallet_load""}"
1775387516.6283536,STUDENT_ff3fe1db,login_complete,success,6598.0,"{""method"": ""wallet_load""}"
1775387517.6283536,STUDENT_e340a4df,login_complete,success,4000,"{""method"": ""wallet_load""}"
1775388282.6283536,STUDENT_af272637,login_complete,success,12113.0,"{""method"": ""manual_entry""}"
1775389248.6283536,STUDENT_89be8bff,login_complete,error,8613.8,"{""method"": ""wallet_load"", ""error"": ""Challenge Expired""}"
1775389950.6283536,STUDENT_7974957e,login_complete,success,4000,"{""method"": ""wallet_load""}"
1775390026.6283536,STUDENT_a5d22e03,login_complete,success,11972.0,"{""method"": ""wallet_load""}"
1775392292.6283536,STUDENT_4931fbf8,login_complete,success,9054.0,"{""method"": ""manual_entry""}"
1775398567.6283536,STUDENT_1dd02711,login_complete,success,4000,"{""method"": ""wallet_load""}"
1775399744.6283536,STUDENT_d1c351e0,login_complete,success,5258.0,"{""method"": ""wallet_load""}"
1775401293.6283536,STUDENT_fac2f9f5,login_complete,error,21842.0,"{""method"": ""manual_entry"", ""error"": ""Signature Mismatch""}"
1775402531.6283536,STUDENT_d6113e4c,login_complete,success,4000,"{""method"": ""wallet_load""}"
1775404660.6283536,STUDENT_c3d20f9c,login_complete,error,8757,"{""method"": ""manual_entry"", ""error"": ""Invalid PIN""}"
1775410088.6283536,STUDENT_f97284a6,login_complete,success,8107.0,"{""method"": ""wallet_load""}"
1775412581.6283536,STUDENT_ad7813b0,login_complete,success,18035.0,"{""method"": ""wallet_load""}"
1775413234.6283536,STUDENT_8249ca46,login_complete,success,4013.8,"{""method"": ""wallet_load""}"
1775415122.6283536,STUDENT_fc86655f,login_complete,success,18591.0,"{""method"": ""manual_entry""}"
1775416737.6283536,STUDENT_f3fcf674,login_complete,success,17665.0,"{""method"": ""manual_entry""}"
1775417120.6283536,STUDENT_c2a99776,login_complete,success,12224.0,"{""method"": ""manual_entry""}"
1775419600.6283536,STUDENT_8e242799,login_complete,error,20044.0,"{""method"": ""wallet_load"", ""error"": ""Invalid PIN""}"
1775421487.6283536,STUDENT_4931fbf8,login_complete,success,4000,"{""method"": ""wallet_load""}"
1775423876.6283536,STUDENT_d5c1c398,login_complete,success,18724.0,"{""method"": ""wallet_load""}"
1775427475.6283536,STUDENT_630a9059,login_complete,error,20229.0,"{""method"": ""manual_entry"", ""error"": ""Invalid PIN""}"
1775430162.6283536,STUDENT_68d0a96e,login_complete,success,4000,"{""method"": ""wallet_load""}"
1775433444.6283536,STUDENT_fe507a99,login_complete,success,9047.0,"{""method"": ""manual_entry""}"
1775433575.6283536,STUDENT_9532aee5,login_complete,success,18662.0,"{""method"": ""manual_entry""}"
1775435260.6283536,STUDENT_79f701cb,login_complete,success,12032.0,"{""method"": ""wallet_load""}"
1775437336.6283536,STUDENT_eb8c2cc4,login_complete,success,8930.0,"{""method"": ""manual_entry""}"
1775439968.6283536,STUDENT_79fdff4c,login_complete,success,5746.0,"{""method"": ""wallet_load""}"
1775445891.6283536,STUDENT_cf156a75,login_complete,success,5764.0,"{""method"": ""wallet_load""}"
1775448373.6283536,STUDENT_7a97f11f,login_complete,success,18355.0,"{""method"": ""manual_entry""}"
1775449685.6283536,STUDENT_630a9059,login_complete,success,6229.0,"{""method"": ""wallet_load""}"
1775449965.6283536,STUDENT_8a33be55,login_complete,success,17721.0,"{""method"": ""manual_entry""}"
1775452175.6283536,STUDENT_8249ca46,login_complete,success,8764.0,"{""method"": ""manual_entry""}"
1775452998.6283536,STUDENT_d1c351e0,login_complete,success,17268.0,"{""method"": ""manual_entry""}"
1775456198.6283536,STUDENT_74a7a188,login_complete,success,17663.0,"{""method"": ""wallet_load""}"
1775460628.6283536,STUDENT_46511608,login_complete,success,4000,"{""method"": ""wallet_load""}"
1775464052.6283536,STUDENT_1dd02711,login_complete,error,6771,"{""method"": ""wallet_load"", ""error"": ""Invalid PIN""}"
1775467682.6283536,STUDENT_d1c351e0,login_complete,success,8194.0,"{""method"": ""manual_entry""}"
1775476547.6283536,STUDENT_68d0a96e,login_complete,success,17397.0,"{""method"": ""manual_entry""}"
1775477671.6283536,STUDENT_4931fbf8,login_complete,success,17171.0,"{""method"": ""manual_entry""}"
1775479913.6283536,STUDENT_8249ca46,login_complete,success,18989.0,"{""method"": ""manual_entry""}"
1775484482.6283536,STUDENT_9130922b,login_complete,success,4766.8,"{""method"": ""wallet_load""}"
1775486017.6283536,STUDENT_d705b592,login_complete,success,4000,"{""method"": ""wallet_load""}"
1775486818.6283536,STUDENT_890b68e7,login_complete,error,16734.0,"{""method"": ""manual_entry"", ""error"": ""Challenge Expired""}"
1775487971.6283536,STUDENT_2eb535b7,login_complete,success,4000,"{""method"": ""manual_entry""}"
1775490750.6283536,STUDENT_beda09c8,login_complete,success,4000,"{""method"": ""wallet_load""}"
1775497913.6283536,STUDENT_925a0bb6,login_complete,error,22567.0,"{""method"": ""wallet_load"", ""error"": ""Invalid PIN""}"
1775499636.6283536,STUDENT_aeda692,login_complete,success,18216.0,"{""method"": ""manual_entry""}"
1775502210.6283536,STUDENT_cea1e917,login_complete,success,4000,"{""method"": ""wallet_load""}"
1775505763.6283536,STUDENT_af71f597,login_complete,success,5769.0,"{""method"": ""wallet_load""}"
1775509782.6283536,STUDENT_e2c4c113,login_complete,success,4000,"{""method"": ""wallet_load""}"
1775510554.6283536,STUDENT_3ab0097c,login_complete,success,7072.0,"{""method"": ""wallet_load""}"
1775510706.6283536,STUDENT_68d0a96e,login_complete,success,8482.0,"{""method"": ""manual_entry""}"
1775512203.6283536,STUDENT_beda09c8,login_complete,success,18533.0,"{""method"": ""manual_entry""}"
1775513428.6283536,STUDENT_53f26f19,login_complete,success,4000,"{""method"": ""wallet_load""}"
1775518349.6283536,STUDENT_950f4807,login_complete,success,5229.8,"{""method"": ""wallet_load""}"
1775521304.6283536,STUDENT_7304cdfb,login_complete,success,5650.0,"{""method"": ""wallet_load""}"
1775523092.6283536,STUDENT_8ca0474b,login_complete,success,12659.0,"{""method"": ""wallet_load""}"
1775523305.6283536,STUDENT_f3fcf674,login_complete,success,12341.0,"{""method"": ""wallet_load""}"
1775528846.6283536,STUDENT_44985a69,login_complete,success,4000,"{""method"": ""wallet_load""}"
1775532666.6283536,STUDENT_f0290010,login_complete,success,5385.0,"{""method"": ""manual_entry""}"
1775534636.6283536,STUDENT_fe507a99,login_complete,success,13151.0,"{""method"": ""wallet_load""}"
1775537717.6283536,STUDENT_bb27b611,login_complete,success,18238.0,"{""method"": ""manual_entry""}"
1775539695.6283536,STUDENT_d705b592,login_complete,success,8830.0,"{""method"": ""wallet_load""}"
1775543198.6283536,STUDENT_89be8bff,login_complete,success,17392.0,"{""method"": ""manual_entry""}"
1775544979.6283536,STUDENT_8a33be55,login_complete,success,6923.0,"{""method"": ""manual_entry""}"
1775547722.6283536,STUDENT_7304cdfb,login_complete,success,4000,"{""method"": ""wallet_load""}"
1775553079.6283536,STUDENT_d6113e4c,login_complete,success,8932.0,"{""method"": ""wallet_load""}"
1775554119.6283536,STUDENT_adec8a09,login_complete,success,13326.0,"{""method"": ""manual_entry""}"
1775557308.6283536,STUDENT_d12aaa67,login_complete,success,4000,"{""method"": ""wallet_load""}"
1775560164.6283536,STUDENT_b99cc491,login_complete,success,6259.0,"{""method"": ""wallet_load""}"
1775563362.6283536,STUDENT_aeda692,login_complete,success,12208.0,"{""method"": ""manual_entry""}"
1775570262.6283536,STUDENT_e724e818,login_complete,success,7100.0,"{""method"": ""wallet_load""}"
1775572224.6283536,STUDENT_2cd24cba,login_complete,success,4847.8,"{""method"": ""wallet_load""}"
1775575211.6283536,STUDENT_f451ffce,login_complete,success,4000,"{""method"": ""wallet_load""}"
1775578740.6283536,STUDENT_eb8c2cc4,login_complete,success,4000,"{""method"": ""wallet_load""}"
1775587778.6283536,STUDENT_ad1bf888,login_complete,success,5189.0,"{""method"": ""wallet_load""}"
1775589301.6283536,STUDENT_60e6774,login_complete,success,8726.0,"{""method"": ""wallet_load""}"
1775589864.6283536,STUDENT_d5c1c398,login_complete,success,4220.8,"{""method"": ""wallet_load""}"
1775601429.6283536,STUDENT_46ad8f80,login_complete,error,8213,"{""method"": ""wallet_load"", ""error"": ""Signature Mismatch""}"
1775602923.6283536,STUDENT_7974957e,login_complete,success,11827.0,"{""method"": ""wallet_load""}"
1775603874.6283536,STUDENT_3ab0097c,login_complete,success,4000,"{""method"": ""wallet_load""}"
1775607292.6283536,STUDENT_46511608,login_complete,success,4000,"{""method"": ""manual_entry""}"
1775616018.6283536,STUDENT_4931fbf8,login_complete,success,4000,"{""method"": ""wallet_load""}"
1775619076.6283536,STUDENT_46ad8f80,login_complete,success,13472.0,"{""method"": ""wallet_load""}"
1775620522.6283536,STUDENT_4931fbf8,login_complete,success,4000,"{""method"": ""wallet_load""}"
1775622680.6283536,STUDENT_46511608,login_complete,success,4000,"{""method"": ""wallet_load""}"
1775627526.6283536,STUDENT_fbd1cbde,login_complete,success,12242.0,"{""method"": ""wallet_load""}"
1775630219.6283536,STUDENT_f959dc38,login_complete,success,5907.0,"{""method"": ""wallet_load""}"
1775631111.6283536,STUDENT_8a33be55,login_complete,success,4000,"{""method"": ""wallet_load""}"
1775633443.6283536,STUDENT_ce893bf5,login_complete,success,18572.0,"{""method"": ""wallet_load""}"
1775635031.6283536,STUDENT_4d731dbf,login_complete,success,5035.8,"{""method"": ""wallet_load""}"
1775637743.6283536,STUDENT_2f288ed9,login_complete,success,8352.0,"{""method"": ""manual_entry""}"
1775643100.6283536,STUDENT_9130922b,login_complete,success,4000,"{""method"": ""wallet_load""}"
1775649293.6283536,STUDENT_58e79bb3,login_complete,success,8779.0,"{""method"": ""wallet_load""}"
1775650193.6283536,STUDENT_bcaf8d5d,login_complete,success,8920.0,"{""method"": ""wallet_load""}"
1775650907.6283536,STUDENT_60e7a503,login_complete,success,9327.0,"{""method"": ""wallet_load""}"
1775656265.6283536,STUDENT_d705b592,login_complete,success,5328.0,"{""method"": ""manual_entry""}"
1775660189.6283536,STUDENT_ad7813b0,login_complete,success,12525.0,"{""method"": ""manual_entry""}"
1775665700.6283536,STUDENT_8ca0474b,login_complete,success,4422.8,"{""method"": ""wallet_load""}"
1775667254.6283536,STUDENT_be97a8b4,login_complete,error,8099,"{""method"": ""wallet_load"", ""error"": ""Signature Mismatch""}"
1775673692.6283536,STUDENT_d516c87c,login_complete,error,16237.0,"{""method"": ""manual_entry"", ""error"": ""Signature Mismatch""}"
1775674471.6283536,STUDENT_a4fa6c3a,login_complete,success,8966.0,"{""method"": ""wallet_load""}"
1775680762.6283536,STUDENT_a740ee9a,login_complete,success,9375.0,"{""method"": ""wallet_load""}"
1775683225.6283536,STUDENT_9c8632ad,login_complete,success,17880.0,"{""method"": ""wallet_load""}"
1775688744.6283536,STUDENT_1bc2387c,login_complete,success,4000,"{""method"": ""wallet_load""}"
1775693262.6283536,STUDENT_39731e4b,login_complete,success,17362.0,"{""method"": ""manual_entry""}"
1775694770.6283536,STUDENT_e340a4df,login_complete,success,4000,"{""method"": ""manual_entry""}"
1775706714.6283536,STUDENT_da4ee828,login_complete,success,4000,"{""method"": ""wallet_load""}"
1775707571.6283536,STUDENT_8ca0474b,login_complete,success,8437.0,"{""method"": ""wallet_load""}"
1775724138.6283536,STUDENT_bd979af0,login_complete,success,12146.0,"{""method"": ""manual_entry""}"
1775724573.6283536,STUDENT_c2a99776,login_complete,success,5390.0,"{""method"": ""manual_entry""}"
1775725391.6283536,STUDENT_a00a5bc7,login_complete,error,13431.0,"{""method"": ""manual_entry"", ""error"": ""Signature Mismatch""}"
1775725774.6283536,STUDENT_79f701cb,login_complete,success,4419.8,"{""method"": ""wallet_load""}"
1775726360.6283536,STUDENT_e724e818,login_complete,success,4000,"{""method"": ""wallet_load""}"
1775730636.6283536,STUDENT_5e0240de,login_complete,error,21514.0,"{""method"": ""manual_entry"", ""error"": ""Invalid PIN""}"
1775738855.6283536,STUDENT_1bc2387c,login_complete,success,4000,"{""method"": ""wallet_load""}"
1775741029.6283536,STUDENT_9148364f,login_complete,success,17606.0,"{""method"": ""wallet_load""}"
1775744977.6283536,STUDENT_fbd1cbde,login_complete,success,4000,"{""method"": ""wallet_load""}"
1775757718.6283536,STUDENT_b7f2da5d,login_complete,success,4000,"{""method"": ""wallet_load""}"
1775765003.6283536,STUDENT_1bc2387c,login_complete,error,8095,"{""method"": ""wallet_load"", ""error"": ""Challenge Expired""}"
1775767287.6283536,STUDENT_949a9e51,login_complete,success,17810.0,"{""method"": ""manual_entry""}"
1775769935.6283536,STUDENT_f0290010,login_complete,success,12356.0,"{""method"": ""wallet_load""}"
1775771597.6283536,STUDENT_c707c0e8,login_complete,success,17056.0,"{""method"": ""manual_entry""}"
1775774170.6283536,STUDENT_3372ddbd,login_complete,success,17320.0,"{""method"": ""manual_entry""}"
1775779980.6283536,STUDENT_d705b592,login_complete,success,4386.8,"{""method"": ""wallet_load""}"
1775780524.6283536,STUDENT_d1c351e0,login_complete,success,4000,"{""method"": ""manual_entry""}"
1775784437.6283536,STUDENT_cf156a75,login_complete,success,12246.0,"{""method"": ""manual_entry""}"
1775784977.6283536,STUDENT_af71f597,login_complete,success,8600.0,"{""method"": ""manual_entry""}"
1775786248.6283536,STUDENT_fbd1cbde,login_complete,success,6316.0,"{""method"": ""wallet_load""}"
1775789912.6283536,STUDENT_44985a69,login_complete,success,4000,"{""method"": ""wallet_load""}"
1775792514.6283536,STUDENT_949a9e51,login_complete,success,4000,"{""method"": ""wallet_load""}"
1775797576.6283536,STUDENT_7a97f11f,login_complete,success,4589.8,"{""method"": ""wallet_load""}"
1775798049.6283536,STUDENT_f959dc38,login_complete,error,15359.0,"{""method"": ""wallet_load"", ""error"": ""Challenge Expired""}"
1775800168.6283536,STUDENT_2f288ed9,login_complete,error,21051.0,"{""method"": ""manual_entry"", ""error"": ""Challenge Expired""}"
1775802254.6283536,STUDENT_19b40fb1,login_complete,success,7833.0,"{""method"": ""manual_entry""}"
1775802911.6283536,STUDENT_83cd92bd,login_complete,success,11887.0,"{""method"": ""wallet_load""}"
1775803915.6283536,STUDENT_fdff0751,login_complete,error,17235.0,"{""method"": ""wallet_load"", ""error"": ""Signature Mismatch""}"
1775810256.6283536,STUDENT_e9c35022,login_complete,success,4000,"{""method"": ""wallet_load""}"
1775810262.6283536,STUDENT_f6cc2d7f,login_complete,success,9802.0,"{""method"": ""wallet_load""}"
1775823730.6283536,STUDENT_f0d3a70c,login_complete,error,9661.0,"{""method"": ""wallet_load"", ""error"": ""Signature Mismatch""}"
1775829356.6283536,STUDENT_beda09c8,login_complete,success,4712.8,"{""method"": ""manual_entry""}"
1775830493.6283536,STUDENT_2013c758,login_complete,success,4000,"{""method"": ""wallet_load""}"
1775835803.6283536,STUDENT_f56ce5e,login_complete,success,18804.0,"{""method"": ""wallet_load""}"
1775837934.6283536,STUDENT_f959dc38,login_complete,success,17748.0,"{""method"": ""manual_entry""}"
1775839623.6283536,STUDENT_ff3fe1db,login_complete,success,4000,"{""method"": ""manual_entry""}"
1775845305.6283536,STUDENT_5e0240de,login_complete,success,8711.0,"{""method"": ""manual_entry""}"
1775848559.6283536,STUDENT_2d611b40,login_complete,success,9260.0,"{""method"": ""manual_entry""}"
1775858452.6283536,STUDENT_19b40fb1,login_complete,success,5249.0,"{""method"": ""wallet_load""}"
1775869392.6283536,STUDENT_e9c35022,login_complete,success,18493.0,"{""method"": ""manual_entry""}"
1775880730.6283536,STUDENT_2d611b40,login_complete,success,17166.0,"{""method"": ""manual_entry""}"
1775881468.6283536,STUDENT_eb8c2cc4,login_complete,success,6170.0,"{""method"": ""wallet_load""}"
1775883250.6283536,STUDENT_999cdd90,login_complete,success,17799.0,"{""method"": ""wallet_load""}"
1775887002.6283536,STUDENT_e9c35022,login_complete,success,4000,"{""method"": ""wallet_load""}"
1775888095.6283536,STUDENT_95498429,login_complete,success,5393.0,"{""method"": ""manual_entry""}"
1775890951.6283536,STUDENT_e165fb7a,login_complete,success,4000,"{""method"": ""wallet_load""}"
1775894710.6283536,STUDENT_8c463f34,login_complete,success,18105.0,"{""method"": ""wallet_load""}"
1775898101.6283536,STUDENT_bd979af0,login_complete,success,4764.8,"{""method"": ""wallet_load""}"
1775902627.6283536,STUDENT_adec8a09,login_complete,success,4000,"{""method"": ""wallet_load""}"
1775905753.6283536,STUDENT_f959dc38,login_complete,success,5129.8,"{""method"": ""manual_entry""}"
1775909266.6283536,STUDENT_2013c758,login_complete,success,5015.8,"{""method"": ""wallet_load""}"
1775909366.6283536,STUDENT_a5d22e03,login_complete,success,4754.8,"{""method"": ""wallet_load""}"
1775910986.6283536,STUDENT_f0d3a70c,login_complete,success,12767.0,"{""method"": ""wallet_load""}"
1775911545.6283536,STUDENT_c10b9343,login_complete,success,4000,"{""method"": ""wallet_load""}"
1775914442.6283536,STUDENT_cdec5ee6,login_complete,success,8189.0,"{""method"": ""wallet_load""}"
1775917746.6283536,STUDENT_9130922b,login_complete,success,6772.0,"{""method"": ""manual_entry""}"
1775929029.6283536,STUDENT_2eb535b7,login_complete,success,8327.0,"{""method"": ""manual_entry""}"
1775931546.6283536,STUDENT_c707c0e8,login_complete,success,4000,"{""method"": ""wallet_load""}"
1775935503.6283536,STUDENT_22a221bc,login_complete,success,4000,"{""method"": ""wallet_load""}"
1775937288.6283536,STUDENT_bb27b611,login_complete,error,16433.0,"{""method"": ""wallet_load"", ""error"": ""Signature Mismatch""}"
1775940475.6283536,STUDENT_5aa98f92,login_complete,success,17764.0,"{""method"": ""manual_entry""}"
1775941400.6283536,STUDENT_d6113e4c,login_complete,success,17553.0,"{""method"": ""wallet_load""}"
1775943656.6283536,STUDENT_d84ec294,login_complete,success,9385.0,"{""method"": ""manual_entry""}"
1775944253.6283536,STUDENT_aa41d24d,login_complete,success,17229.0,"{""method"": ""wallet_load""}"
1775946543.6283536,STUDENT_e165fb7a,login_complete,success,12699.0,"{""method"": ""manual_entry""}"
1775951375.6283536,STUDENT_36dae04e,login_complete,success,4000,"{""method"": ""wallet_load""}"
1775951899.6283536,STUDENT_2013c758,login_complete,success,4000,"{""method"": ""wallet_load""}"
1775955119.6283536,STUDENT_be97a8b4,login_complete,success,4000,"{""method"": ""wallet_load""}"
1775960435.6283536,STUDENT_e2c4c113,login_complete,error,10294.0,"{""method"": ""wallet_load"", ""error"": ""Invalid PIN""}"
1775967155.6283536,STUDENT_53f26f19,login_complete,success,4177.8,"{""method"": ""wallet_load""}"
1775977618.6283536,STUDENT_c2a99776,login_complete,success,4773.8,"{""method"": ""wallet_load""}"
1775980614.6283536,STUDENT_fdf89c2,login_complete,success,11829.0,"{""method"": ""manual_entry""}"
1775982175.6283536,STUDENT_1d02d65f,login_complete,success,5754.0,"{""method"": ""wallet_load""}"
1775984505.6283536,STUDENT_9c8632ad,login_complete,success,5138.8,"{""method"": ""wallet_load""}"
1775988807.6283536,STUDENT_8249ca46,login_complete,success,5337.0,"{""method"": ""manual_entry""}"
1775989016.6283536,STUDENT_6b0ac22a,login_complete,success,4000,"{""method"": ""wallet_load""}"
1775991470.6283536,STUDENT_42d80083,login_complete,success,4000,"{""method"": ""wallet_load""}"
1775992795.6283536,STUDENT_22a221bc,login_complete,error,7882.0,"{""method"": ""wallet_load"", ""error"": ""Invalid PIN""}"
1775994445.6283536,STUDENT_311c44f5,login_complete,error,17249.0,"{""method"": ""manual_entry"", ""error"": ""Invalid PIN""}"
1775995023.6283536,STUDENT_bcaf8d5d,login_complete,error,18313.0,"{""method"": ""wallet_load"", ""error"": ""Challenge Expired""}"
1775997876.6283536,STUDENT_cf156a75,login_complete,success,4972.8,"{""method"": ""wallet_load""}"
1776002149.6283536,STUDENT_2cd24cba,login_complete,success,4000,"{""method"": ""wallet_load""}"
1776003856.6283536,STUDENT_cdec5ee6,login_complete,success,13567.0,"{""method"": ""manual_entry""}"
1776005630.6283536,STUDENT_cea1e917,login_complete,success,6679.0,"{""method"": ""wallet_load""}"
1776006400.6283536,STUDENT_7304cdfb,login_complete,success,4000,"{""method"": ""wallet_load""}"
1776008648.6283536,STUDENT_3d7ad99e,login_complete,success,6936.0,"{""method"": ""wallet_load""}"
1776010840.6283536,STUDENT_e165fb7a,login_complete,success,17489.0,"{""method"": ""manual_entry""}"
1776014342.6283536,STUDENT_beda09c8,login_complete,success,4000,"{""method"": ""manual_entry""}"
1776017992.6283536,STUDENT_8b3760f7,login_complete,success,4000,"{""method"": ""wallet_load""}"
1776019553.6283536,STUDENT_f3fcf674,login_complete,success,4000,"{""method"": ""manual_entry""}"
1776022144.6283536,STUDENT_583fd365,login_complete,success,6916.0,"{""method"": ""wallet_load""}"
1776027445.6283536,STUDENT_b99cc491,login_complete,success,12633.0,"{""method"": ""wallet_load""}"
1776028993.6283536,STUDENT_beda09c8,login_complete,success,4000,"{""method"": ""wallet_load""}"
1776031817.6283536,STUDENT_f3ef5dd4,login_complete,success,4000,"{""method"": ""wallet_load""}"
1776032814.6283536,STUDENT_2013c758,login_complete,success,4000,"{""method"": ""wallet_load""}"
1776035930.6283536,STUDENT_d6113e4c,login_complete,success,4000,"{""method"": ""wallet_load""}"
1776037802.6283536,STUDENT_a5d22e03,login_complete,success,4000,"{""method"": ""wallet_load""}"
1776043330.6283536,STUDENT_22a221bc,login_complete,success,4524.8,"{""method"": ""wallet_load""}"
1776044306.6283536,STUDENT_b06cb0d8,login_complete,success,6670.0,"{""method"": ""manual_entry""}"
1776048278.6283536,STUDENT_f78bb2fd,login_complete,success,5950.0,"{""method"": ""wallet_load""}"
1776051676.6283536,STUDENT_7a97f11f,login_complete,success,9215.0,"{""method"": ""manual_entry""}"
1776051888.6283536,STUDENT_e2c4c113,login_complete,success,5379.0,"{""method"": ""wallet_load""}"
1776057897.6283536,STUDENT_60e7a503,login_complete,success,4000,"{""method"": ""wallet_load""}"
1776059523.6283536,STUDENT_b7f2da5d,login_complete,success,9776.0,"{""method"": ""wallet_load""}"
1776061033.6283536,STUDENT_3ab0097c,login_complete,success,4000,"{""method"": ""wallet_load""}"
1776067920.6283536,STUDENT_44985a69,login_complete,success,18153.0,"{""method"": ""manual_entry""}"
1776069370.6283536,STUDENT_ac89ba08,login_complete,success,17241.0,"{""method"": ""manual_entry""}"
1776077965.6283536,STUDENT_e340a4df,login_complete,success,18372.0,"{""method"": ""manual_entry""}"
1776083208.6283536,STUDENT_1bc2387c,login_complete,success,12951.0,"{""method"": ""manual_entry""}"
1776083525.6283536,STUDENT_fc86655f,login_complete,success,5846.0,"{""method"": ""wallet_load""}"
1776085127.6283536,STUDENT_5bd9eba,login_complete,success,6316.0,"{""method"": ""wallet_load""}"
1776085748.6283536,STUDENT_1bc2387c,login_complete,success,4000,"{""method"": ""wallet_load""}"
1776087769.6283536,STUDENT_8c6e1567,login_complete,success,18786.0,"{""method"": ""manual_entry""}"
1776087945.6283536,STUDENT_890b68e7,login_complete,success,7125.0,"{""method"": ""wallet_load""}"
1776091705.6283536,STUDENT_42d80083,login_complete,success,8957.0,"{""method"": ""wallet_load""}"
1776096116.6283536,STUDENT_cea1e917,login_complete,error,20826.0,"{""method"": ""manual_entry"", ""error"": ""Signature Mismatch""}"
1776096135.6283536,STUDENT_8249ca46,login_complete,success,12382.0,"{""method"": ""manual_entry""}"
1776096913.6283536,STUDENT_a4fa6c3a,login_complete,success,4000,"{""method"": ""manual_entry""}"
1776098428.6283536,STUDENT_adec8a09,login_complete,success,18290.0,"{""method"": ""wallet_load""}"
1776106570.6283536,STUDENT_d416df08,login_complete,success,4943.8,"{""method"": ""wallet_load""}"
1776109626.6283536,STUDENT_46ad8f80,login_complete,success,5599.0,"{""method"": ""manual_entry""}"
1776119628.6283536,STUDENT_7a97f11f,login_complete,error,15595.0,"{""method"": ""manual_entry"", ""error"": ""Signature Mismatch""}"
1776124705.6283536,STUDENT_2f643c2,login_complete,success,4000,"{""method"": ""manual_entry""}"
1776126292.6283536,STUDENT_af272637,login_complete,success,6032.0,"{""method"": ""wallet_load""}"
1776128403.6283536,STUDENT_58e79bb3,login_complete,success,6203.0,"{""method"": ""manual_entry""}"
1776133732.6283536,STUDENT_40852880,login_complete,error,22201.0,"{""method"": ""wallet_load"", ""error"": ""Invalid PIN""}"
1776134075.6283536,STUDENT_5c75faf3,login_complete,success,8609.0,"{""method"": ""wallet_load""}"
1776135371.6283536,STUDENT_b99cc491,login_complete,success,4629.8,"{""method"": ""wallet_load""}"
1776135619.6283536,STUDENT_2f643c2,login_complete,success,5205.0,"{""method"": ""wallet_load""}"
1776140045.6283536,STUDENT_5b553686,login_complete,success,13307.0,"{""method"": ""manual_entry""}"
1776144519.6283536,STUDENT_58e79bb3,login_complete,success,13441.0,"{""method"": ""wallet_load""}"
1776146035.6283536,STUDENT_da4ee828,login_complete,success,4922.8,"{""method"": ""manual_entry""}"
1776153394.6283536,STUDENT_ba92228a,login_complete,success,8185.0,"{""method"": ""wallet_load""}"
1776164334.6283536,STUDENT_58e79bb3,login_complete,success,4000,"{""method"": ""wallet_load""}"
1776164754.6283536,STUDENT_c2a99776,login_complete,success,17834.0,"{""method"": ""wallet_load""}"
1776167530.6283536,STUDENT_60e6774,login_complete,error,11695.0,"{""method"": ""wallet_load"", ""error"": ""Invalid PIN""}"
1776167866.6283536,STUDENT_1d02d65f,login_complete,success,4000,"{""method"": ""wallet_load""}"
1776169909.6283536,STUDENT_9532aee5,login_complete,success,9363.0,"{""method"": ""wallet_load""}"
1776173757.6283536,STUDENT_3ab0097c,login_complete,success,18096.0,"{""method"": ""manual_entry""}"
1776174915.6283536,STUDENT_d416df08,login_complete,success,12253.0,"{""method"": ""manual_entry""}"
1776178213.6283536,STUDENT_95498429,login_complete,success,4000,"{""method"": ""wallet_load""}"
1776178426.6283536,STUDENT_58e79bb3,login_complete,success,4000,"{""method"": ""wallet_load""}"
1776186393.6283536,STUDENT_d12aaa67,login_complete,success,18269.0,"{""method"": ""manual_entry""}"
1776187907.6283536,STUDENT_a44102d2,login_complete,success,9423.0,"{""method"": ""manual_entry""}"
1776188755.6283536,STUDENT_aa41d24d,login_complete,success,4202.8,"{""method"": ""wallet_load""}"
1776191126.6283536,STUDENT_1dd02711,login_complete,success,12708.0,"{""method"": ""wallet_load""}"
1776192554.3453798,STUDENT_rv4x42qq2,login_start,success,0,{'method': 'manual_entry'}
1776192587.934545,STUDENT_rv4x42qq2,login_start,success,0,{'method': 'manual_entry'}
1776192592.6101491,STUDENT_rv4x42qq2,login_start,success,0,{'method': 'manual_entry'}
1776192601.5426748,STUDENT_rv4x42qq2,login_start,success,0,{'method': 'manual_entry'}
1776192638.2513013,STUDENT_rv4x42qq2,login_complete,error,36706.8,{'error': 'Signature verification failed.'}
1776192645.411631,STUDENT_rv4x42qq2,login_complete,error,43867.6,{'error': 'Challenge invalid or expired.'}
1776192645.6552632,STUDENT_rv4x42qq2,login_complete,error,44124.2,{'error': 'Challenge invalid or expired.'}
1776192655.6758983,STUDENT_rv4x42qq2,login_complete,error,54135.4,{'error': 'Challenge invalid or expired.'}
1776192665.0611815,STUDENT_rv4x42qq2,login_complete,error,63518.3,{'error': 'Challenge invalid or expired.'}
1776192676.3539314,STUDENT_rv4x42qq2,login_start,success,0,{'method': 'manual_entry'}
1776193867.6990294,STUDENT_5p7j95xls,login_start,success,0,{'method': 'research_participation_portal'}
1776193875.0272143,STUDENT_5p7j95xls,login_complete,success,7330.1,{'method': 'research_participation_portal'}
1776194100.3042846,STUDENT_5p7j95xls,login_start,success,0,{'method': 'mock_extension_flow'}
1776194114.5484025,STUDENT_5p7j95xls,login_complete,success,14245.2,{'method': 'mock_extension_flow'}
1776345751.8101702,RES_1c7pusydq,task_start,pending,0,"{""usability"":0,""trust"":0}"
1776345760.1167207,RES_1c7pusydq,signature_computed,pending,8.31,"{""usability"":0,""trust"":0}"
1776345766.3584516,RES_1c7pusydq,study_complete,pending,0,"{""usability"":2,""trust"":4}"
1776345902.9822242,RES_b33c5kyto,task_start,pending,0,"{""usability"":0,""trust"":0}"
1776345977.9780736,RES_b33c5kyto,signature_computed,pending,74.99,"{""usability"":0,""trust"":0}"
1776346018.1339269,RES_b33c5kyto,study_complete,pending,0,"{""usability"":2,""trust"":3}"
1776346023.5807502,RES_bo7ewf87i,task_start,pending,0,"{""usability"":0,""trust"":0}"
1776346037.5546992,RES_bo7ewf87i,signature_computed,pending,13.97,"{""usability"":0,""trust"":0}"
1776346045.3589652,RES_bo7ewf87i,study_complete,pending,0,"{""usability"":2,""trust"":2}"
1776420444.5122237,PID-0RFRRQ1MW,task_start,pending,0,"{""usability"":0,""trust"":0}"
1776420452.999472,PID-0RFRRQ1MW,auth_success,pending,8.49,"{""usability"":0,""trust"":0}"
1776421495.616104,PID-0RFRRQ1MW,task_start,pending,0,"{""usability"":0,""trust"":0}"
1776421508.6309133,PID-0RFRRQ1MW,auth_success,pending,13.02,"{""usability"":0,""trust"":0}"
1776423935.558597,PID-0RFRRQ1MW,task_start,pending,0,"{""usability"":0,""trust"":0}"
1776423942.8668156,PID-0RFRRQ1MW,auth_success,pending,7.31,"{""usability"":0,""trust"":0}"
1776423948.6282892,PID-0RFRRQ1MW,study_finalized,pending,0,"{""usability"":2,""trust"":3}"
1776426564.3622837,PID-0RFRRQ1MW,task_start,pending,0,"{""peou_easy"":0,""peou_clear"":0,""pu_trust"":0,""pu_perf"":0,""bi_adopt"":0,""complexity"":0}"
1776426572.5678797,PID-0RFRRQ1MW,auth_success,pending,8.24,"{""peou_easy"":0,""peou_clear"":0,""pu_trust"":0,""pu_perf"":0,""bi_adopt"":0,""complexity"":0}"
1776426586.0344234,PID-0RFRRQ1MW,study_finalized,pending,0,"{""peou_easy"":2,""peou_clear"":3,""pu_trust"":2,""pu_perf"":4,""bi_adopt"":3,""complexity"":3}"
1776509737.0670693,PID-HQBVDWU62,task_start,pending,0,"{""peou_easy"":0,""peou_clear"":0,""pu_trust"":0,""pu_perf"":0,""bi_adopt"":0,""complexity"":0}"
1776509747.5113592,PID-HQBVDWU62,auth_success,pending,10.45,"{""peou_easy"":0,""peou_clear"":0,""pu_trust"":0,""pu_perf"":0,""bi_adopt"":0,""complexity"":0}"
1776511651.9521883,PID-HQBVDWU62,interaction_started,pending,0,"{""peou_easy"":0,""pu_trust"":0,""pu_perf"":0,""bi_adopt"":0}"
1776511672.2891464,PID-HQBVDWU62,study_complete,pending,20.34,"{""peou_easy"":2,""pu_trust"":3,""pu_perf"":3,""bi_adopt"":4}"
1776669998.958077,SID-UR0J5TKJV,lay_complete,pending,25.79,"{""metrics"":{""peou_easy"":2,""conf_term"":3,""pin_effort"":1,""onboard_clear"":3,""perf_anch"":3,""bi_adopt"":1,""vault_pos"":3,""aesthetic"":1},""user"":{""name"":""Anonymous Student (TKJV)"",""did"":""ANON-6ZJEAF5B6U""}}"
